2596.05,0
2890.85,0
3104.63,0.410867
2969.32,0
3050.14,0.410867
3107.68,0.821733
3055.66,0.410867
3870.88,0.410867
3692.08,0.410867
3960.7,0.410867
4143.09,1.2326
3440.86,0
3591.6,0.410867
3483.55,1.2326
4294.1,1.2326
3295.93,0.410867
3031.33,0
3082.85,0
3109.74,0.410867
2985.14,0
3220.8,0
2991.79,0.410867
3366.72,0.410867
3187.72,0
3363.76,0.410867
3035.62,0.821733
3245.58,0.410867
3252.2,1.2326
3032.08,0
3226.15,0
3363.93,1.2326
3632.52,1.64347
3308.46,0.821733
3012.8,0
3226.64,0.410867
3070.31,0
3222.02,0.410867
3344.17,0.821733
3187.37,0.821733
3364.23,0
3260.6,0.410867
3053.5,0
3185.08,0
3442.14,0.410867
3378.32,0.410867
3446.06,0.410867
3555.33,0.410867
3272.52,0
3161.95,0.821733
3109.69,0.410867
3467,0
3868.42,0.410867
3143.64,0
3188.59,0
3222.42,0
3681.74,0.821733
3274.27,0.410867
3026.19,0
3428.28,0.410867
3404.43,0
3508.64,0.410867
3387.13,0.410867
3561.12,0.821733
3176.91,0
3496.52,0
3298.11,0
3124.16,0.410867
3409.52,0.410867
3125.76,0
3094.76,0
2985.97,0
3115.58,0
3444.41,0
3556.84,0
3424.61,0.410867
3480.8,0.410867
3552.5,0.410867
3566.42,0.821733
3305.02,0
3178.58,0.410867
3074.34,0
3120.35,0.410867
3304.47,0.410867
3776.14,0.410867
3428.28,0.410867
3670.71,0.410867
3499.01,0
3765.95,0.410867
3549.95,0.410867
3641.28,0.821733
3887.08,1.2326
4474.75,1.64347
3185.35,1.2326
3629.5,2.05433
3455.37,0.410867
3905.6,0.410867
3213.11,0
3953.76,1.2326
3042.71,0.410867
2876.7,0
3195.59,0.410867
2831.87,0
2895.54,0.410867
3316.63,0.821733
3143.72,0.410867
3912.39,0.410867
3815.05,0.410867
3960.17,0.410867
4227.95,1.2326
3491.02,0
3758.81,0.410867
3587.55,1.2326
4374.28,1.2326
3362.72,0.410867
3142.04,0
3117.45,0
3221.37,0.410867
3224.9,0
3246.09,0
3216.73,0.410867
3367.41,0.410867
3326.2,0
3454.32,0.410867
3217.34,0.821733
3300.55,0.410867
3371.12,1.2326
3244.97,0
3342.61,0
3498.13,1.2326
3782.72,1.64347
3491.74,0.821733
3167.34,0
3445.77,0.410867
3317.12,0
3401.68,0.410867
3535,0.821733
3332.78,0.821733
3466.68,0
3289.5,0.410867
3305.3,0
3317.58,0
3669.04,0.410867
3542.22,0.410867
3546.93,0.410867
3639.77,0.410867
3351.73,0
3458.32,0.821733
3370.01,0.410867
3614.95,0
4113.68,0.410867
3432.91,0
3481.77,0
3500.61,0
3891.12,0.821733
3576.08,0.410867
3273.15,0
3505.92,0.410867
3619.18,0
3706.73,0.410867
3670.96,0.410867
3764.32,0.821733
3342.57,0
3678.4,0
3503.59,0
3282.3,0.410867
3648.58,0.410867
3354.25,0
3304.24,0
3180.89,0
3194.96,0
3613.47,0
3651.08,0
3611.06,0.410867
3485.96,0.410867
3550.08,0.410867
3712.08,0.821733
3517.43,0
3324.64,0.410867
3339.07,0
3286.34,0.410867
3311.69,0.410867
3739.31,0.410867
3559.13,0.410867
3896.83,0.410867
3642.03,0
3936.02,0.410867
3812.48,0.410867
3845.77,0.821733
3959.73,1.2326
4476.32,1.64347
3251.68,1.2326
3721.37,2.05433
3575.07,0.410867
3913.48,0.410867
3270.07,0
3911.69,1.2326
3220.55,0.410867
1980.25,0.410867
2206.48,0
2501.58,0.410867
3034.46,0.821733
3052.8,0.410867
3530.69,0.410867
3363.17,0.410867
3845.89,0.410867
3847.1,1.2326
3217.86,0
3445.26,0.410867
3360.41,1.2326
4022.94,1.2326
3321.44,0.410867
3185.43,0
3326.99,0
3250.04,0.410867
3201.71,0
3342.99,0
3215.83,0.410867
3489.74,0.410867
3309.06,0
3343.06,0.410867
3233.61,0.821733
3379.61,0.410867
3318.85,1.2326
3343.36,0
3298.38,0
3478.79,1.2326
3658.86,1.64347
3409.94,0.821733
3292.16,0
3275.85,0.410867
3123.11,0
3245.1,0.410867
3261.09,0.821733
3137.56,0.821733
3194.83,0
3245.22,0.410867
3114.68,0
3257.52,0
3403.95,0.410867
3341.7,0.410867
3403.88,0.410867
3447.45,0.410867
3256.93,0
3188.35,0.821733
3212.02,0.410867
3418.63,0
3788.76,0.410867
3287.78,0
3293.61,0
3359.94,0
3726.43,0.821733
3387.75,0.410867
3195.38,0
3408.66,0.410867
3426.13,0
3590.28,0.410867
3367.74,0.410867
3564.29,0.821733
3251.61,0
3411.26,0
3373.69,0
3305.01,0.410867
3377.28,0.410867
3258.74,0
3313.57,0
3225.16,0
3172.5,0
3393.4,0
3452.92,0
3313.62,0.410867
3374.32,0.410867
3427.62,0.410867
3425.17,0.821733
3257.95,0
3216.55,0.410867
3183.46,0
3269.24,0.410867
3385.66,0.410867
3735.05,0.410867
3427.5,0.410867
3540.5,0.410867
3353.09,0
3604.26,0.410867
3410.95,0.410867
3501.46,0.821733
3588.11,1.2326
4148.01,1.64347
3190.9,1.2326
3603.15,2.05433
3304.46,0.410867
3634.1,0.410867
3158.98,0
3795.12,1.2326
3236.21,0.410867
2359.97,0.410867
2546.5,0.821733
2911.52,1.2326
3008.29,0.821733
3433.12,0.821733
3355.33,0.821733
3748.35,0.821733
3833.56,1.64347
3129.54,0.410867
3056.12,0.821733
3096.27,1.64347
3772.47,1.64347
3487.27,0.821733
3294.64,0.410867
3552.72,0.410867
3392.36,0.821733
3301.57,0.410867
3609.93,0.410867
3405.95,0.821733
3687.65,0.821733
3508.57,0.410867
3465.95,0.821733
3301.66,1.2326
3450.21,0.821733
3279.88,1.64347
3325.47,0.410867
3403.55,0.410867
3441.99,1.64347
3494.17,2.05433
3291.21,1.2326
3347.07,0.410867
3095.04,0.821733
3151.11,0.410867
3156.16,0.821733
3113.26,1.2326
3190,1.2326
3283.41,0.410867
3393.79,0.821733
3194.85,0.410867
3415.32,0.410867
3267.35,0.821733
3345.16,0.821733
3589.53,0.821733
3633.03,0.821733
3453.94,0.410867
3016.7,1.2326
3015.82,0.821733
3485.53,0.410867
3594.69,0.821733
3230.48,0.410867
3196.72,0.410867
3364.75,0.410867
3573.35,1.2326
3253.43,0.821733
3244.13,0.410867
3656.97,0.821733
3496.75,0.410867
3830.84,0.821733
3558.7,0.821733
3523.17,1.2326
3353.48,0.410867
3468.66,0.410867
3373.02,0.410867
3381.01,0.821733
3462.91,0.821733
3312.75,0.410867
3346.54,0.410867
3185.95,0.410867
3174.43,0.410867
3202.87,0.410867
3492.94,0.410867
3284.15,0.821733
3502.05,0.821733
3586.59,0.821733
3408.5,1.2326
3325.36,0.410867
3319.79,0.821733
3324.98,0.410867
3415.95,0.821733
3682.52,0.821733
3828.36,0.821733
3563.14,0.821733
3510.46,0.821733
3499.64,0.410867
3613.13,0.821733
3442.89,0.821733
3328.64,1.2326
3463.78,1.64347
4068.45,2.05433
3180.41,1.64347
3544.38,2.4652
3265.13,0.821733
3634.31,0.821733
3128.55,0.410867
3793.5,1.64347
3201.96,0.821733
2622.71,0.410867
2950.01,0.821733
2997.97,0.410867
3681.51,0.410867
3689.46,0.410867
4089.48,0.410867
4130.01,1.2326
3262.39,0
3620.13,0.410867
3417.21,1.2326
4281.31,1.2326
3246.53,0.410867
3025.35,0
3102.73,0
3135.98,0.410867
2943.94,0
3134.06,0
2983.57,0.410867
3274.81,0.410867
3166,0
3345.69,0.410867
3160.45,0.821733
3245.12,0.410867
3250.64,1.2326
3079.31,0
3182.97,0
3414.06,1.2326
3665.38,1.64347
3294.03,0.821733
3012.81,0
3262.58,0.410867
3070.24,0
3260.54,0.410867
3371.33,0.821733
3124.63,0.821733
3242.22,0
3055.12,0.410867
2997.48,0
3101.59,0
3451.11,0.410867
3309.39,0.410867
3394.12,0.410867
3483.86,0.410867
3218.87,0
3186.61,0.821733
3113.24,0.410867
3488.15,0
3960.23,0.410867
3249.89,0
3267.08,0
3231.84,0
3750.17,0.821733
3366.99,0.410867
3064.86,0
3309.45,0.410867
3412.39,0
3414.76,0.410867
3367.53,0.410867
3585.46,0.821733
3175.7,0
3525.13,0
3349.11,0
3139.35,0.410867
3471.04,0.410867
3204.87,0
3089.58,0
3093.78,0
3028.87,0
3497.37,0
3509.12,0
3384.73,0.410867
3390.04,0.410867
3375.7,0.410867
3493.18,0.821733
3364.18,0
3106.87,0.410867
3131.92,0
3179.34,0.410867
3209.33,0.410867
3685.57,0.410867
3438.08,0.410867
3775.28,0.410867
3472.51,0
3796.3,0.410867
3598.44,0.410867
3666.83,0.821733
3808.14,1.2326
4336.34,1.64347
3112.81,1.2326
3620.7,2.05433
3383.05,0.410867
3802.97,0.410867
3183.41,0
3901.21,1.2326
3138.18,0.410867
2400.2,1.2326
2827.7,0.821733
3169.89,0.821733
3314.39,0.821733
3635.84,0.821733
3672.99,1.64347
3091.53,0.410867
3340.11,0.821733
3320.4,1.64347
4073.49,1.64347
3383.75,0.821733
3255.97,0.410867
3447.79,0.410867
3402.91,0.821733
3321.21,0.410867
3487.21,0.410867
3338.08,0.821733
3564.15,0.821733
3455.33,0.410867
3424.04,0.821733
3278.4,1.2326
3411.39,0.821733
3330.28,1.64347
3420.73,0.410867
3433.61,0.410867
3512.16,1.64347
3669.93,2.05433
3424.61,1.2326
3373.33,0.410867
3348.34,0.821733
3117.8,0.410867
3251.7,0.821733
3367.92,1.2326
3211.58,1.2326
3229.88,0.410867
3383.35,0.821733
3157.9,0.410867
3244.09,0.410867
3337.73,0.821733
3405.1,0.821733
3528.09,0.821733
3546.46,0.821733
3343.35,0.410867
3278.46,1.2326
3247.5,0.821733
3427.94,0.410867
3822.93,0.821733
3362.96,0.410867
3328.18,0.410867
3432.55,0.410867
3725.82,1.2326
3513.41,0.821733
3287.02,0.410867
3550.94,0.821733
3493.16,0.410867
3645.83,0.821733
3531.67,0.821733
3596.82,1.2326
3332.26,0.410867
3549.47,0.410867
3465.52,0.410867
3373.25,0.821733
3553.35,0.821733
3383.38,0.410867
3395.68,0.410867
3286.78,0.410867
3267.14,0.410867
3438.55,0.410867
3589,0.410867
3431.33,0.821733
3504.65,0.821733
3542.33,0.821733
3572.59,1.2326
3499.94,0.410867
3397.19,0.821733
3319.75,0.410867
3419.46,0.821733
3545.25,0.821733
3815.56,0.821733
3555.99,0.821733
3678.39,0.821733
3463.62,0.410867
3763.74,0.821733
3564.62,0.821733
3591.35,1.2326
3740.68,1.64347
4252.15,2.05433
3251.48,1.64347
3695.26,2.4652
3424.09,0.821733
3684.74,0.821733
3240.5,0.410867
3867.73,1.64347
3330.63,0.821733
2514.05,1.2326
2933.88,1.2326
3140.7,1.2326
3769.2,1.2326
3545.85,2.05433
3141.55,0.821733
2995.87,1.2326
3199.32,2.05433
3795.1,2.05433
3403.26,1.2326
3329.05,0.821733
3516.47,0.821733
3432.48,1.2326
3298.85,0.821733
3641.58,0.821733
3393.42,1.2326
3572.41,1.2326
3473.39,0.821733
3424,1.2326
3256.74,1.64347
3284.72,1.2326
3250.89,2.05433
3317.45,0.821733
3384.9,0.821733
3352.16,2.05433
3422.87,2.4652
3241.65,1.64347
3295.57,0.821733
3203.86,1.2326
3075.63,0.821733
3200.9,1.2326
3298.53,1.64347
3259.5,1.64347
3307.12,0.821733
3480.39,1.2326
3146.6,0.821733
3345.55,0.821733
3303.14,1.2326
3378.88,1.2326
3590.1,1.2326
3626.9,1.2326
3397.34,0.821733
3153.71,1.64347
3163.25,1.2326
3561.8,0.821733
3643.24,1.2326
3306.28,0.821733
3262.62,0.821733
3480.77,0.821733
3546.62,1.64347
3323.05,1.2326
3302.71,0.821733
3612.62,1.2326
3379.86,0.821733
3711.97,1.2326
3633.43,1.2326
3489.95,1.64347
3335.61,0.821733
3520.02,0.821733
3369.24,0.821733
3366.32,1.2326
3509.84,1.2326
3322.58,0.821733
3335.89,0.821733
3283.46,0.821733
3334.28,0.821733
3405.46,0.821733
3638.51,0.821733
3482.23,1.2326
3556.59,1.2326
3578.83,1.2326
3478.56,1.64347
3460.63,0.821733
3365.35,1.2326
3317.71,0.821733
3419.78,1.2326
3639.34,1.2326
3617.46,1.2326
3414.04,1.2326
3583.74,1.2326
3544.64,0.821733
3727.25,1.2326
3554,1.2326
3506.54,1.64347
3666.54,2.05433
4271.59,2.4652
3336.65,2.05433
3617.66,2.87607
3541.08,1.2326
3742.94,1.2326
3300.27,0.821733
3719.7,2.05433
3223.33,1.2326
2823.18,0.821733
2851.41,0.821733
3576.84,0.821733
3371.76,1.64347
3123.35,0.410867
3000.21,0.821733
3146.28,1.64347
3980.92,1.64347
3392.47,0.821733
3361.1,0.410867
3455.47,0.410867
3401.73,0.821733
3434.02,0.410867
3515.88,0.410867
3444.59,0.821733
3579.07,0.821733
3403.05,0.410867
3355.95,0.821733
3317.64,1.2326
3412.88,0.821733
3373.91,1.64347
3470.01,0.410867
3378.37,0.410867
3461.3,1.64347
3637.44,2.05433
3450.78,1.2326
3486.39,0.410867
3414.84,0.821733
3197.04,0.410867
3258.97,0.821733
3393.65,1.2326
3293.15,1.2326
3390.58,0.410867
3565.74,0.821733
3401.73,0.410867
3458.14,0.410867
3543.39,0.821733
3541.15,0.821733
3681.57,0.821733
3631.97,0.821733
3453.98,0.410867
3221.72,1.2326
3298.8,0.821733
3602.72,0.410867
3721.03,0.821733
3371.69,0.410867
3362.7,0.410867
3408.56,0.410867
3643.8,1.2326
3427.97,0.821733
3414.05,0.410867
3643.81,0.821733
3530.08,0.410867
3756.8,0.821733
3622.64,0.821733
3543.3,1.2326
3396.12,0.410867
3564.98,0.410867
3443.75,0.410867
3402.02,0.821733
3456.57,0.821733
3360.51,0.410867
3430.38,0.410867
3396.87,0.410867
3398.4,0.410867
3483.44,0.410867
3616.9,0.410867
3521.15,0.821733
3514.45,0.821733
3558.26,0.821733
3547.45,1.2326
3498.72,0.410867
3498.24,0.821733
3351.34,0.410867
3348.35,0.821733
3494.25,0.821733
3630.68,0.821733
3413.8,0.821733
3648.76,0.821733
3489.54,0.410867
3639.45,0.821733
3600.67,0.821733
3701.73,1.2326
3677.44,1.64347
4165.46,2.05433
3330.52,1.64347
3660.2,2.4652
3527.58,0.821733
3773.64,0.821733
3228.75,0.410867
3728.08,1.64347
3360,0.821733
2502.57,0.821733
3394.67,0.821733
3079.33,1.64347
2963.2,0.410867
3349.71,0.821733
3518.41,1.64347
3925.74,1.64347
3763.53,0.821733
4098.1,0.410867
4272.62,0.410867
4024.61,0.821733
4105.35,0.410867
4128.36,0.410867
4075.22,0.821733
4155.76,0.821733
4020.8,0.410867
3840.61,0.821733
3911.56,1.2326
4117.45,0.821733
3999.27,1.64347
4240.15,0.410867
4056.24,0.410867
4076.66,1.64347
4133.42,2.05433
4137.05,1.2326
4334.63,0.410867
3935.34,0.821733
3812.12,0.410867
3807.59,0.821733
3760.1,1.2326
3809.27,1.2326
3766.02,0.410867
4088.69,0.821733
3905.31,0.410867
4019.58,0.410867
3880.09,0.821733
3897.77,0.821733
4044.63,0.821733
3967.83,0.821733
3946.1,0.410867
3869.67,1.2326
3952.11,0.821733
3928.29,0.410867
3923.84,0.821733
3898.97,0.410867
3924.4,0.410867
4024.56,0.410867
3876.27,1.2326
3816.74,0.821733
3863.17,0.410867
4037.96,0.821733
3748.02,0.410867
3974.56,0.821733
3861.97,0.821733
3709.5,1.2326
3883.99,0.410867
3759.27,0.410867
3899.75,0.410867
4051.25,0.821733
3839.73,0.821733
3958.6,0.410867
4197.42,0.410867
4097.46,0.410867
3930.87,0.410867
3773.41,0.410867
3853.6,0.410867
3840.48,0.821733
3847.49,0.821733
3915.94,0.821733
3896.91,1.2326
3891.36,0.410867
4125.35,0.821733
3913.74,0.410867
3985.84,0.821733
4144.26,0.821733
4022.63,0.821733
3915.09,0.821733
3843.57,0.821733
3782.4,0.410867
3784.76,0.821733
3882.82,0.821733
3987.92,1.2326
3890.37,1.64347
4160.54,2.05433
3736,1.64347
3917.34,2.4652
3910.95,0.821733
3900.92,0.821733
3680.62,0.410867
4060.3,1.64347
3980.74,0.821733
3121.41,0.821733
2965.91,0.821733
3060.66,0.410867
3245.81,0.821733
3321.8,1.64347
3756.01,1.64347
3630.58,0.821733
3895.07,0.410867
4227.82,0.410867
3943.66,0.821733
4014.18,0.410867
4144.39,0.410867
3977.7,0.821733
4075.32,0.821733
3974.68,0.410867
3772.25,0.821733
3856.25,1.2326
4037,0.821733
3943.27,1.64347
4169.16,0.410867
4021.68,0.410867
3994.92,1.64347
4031.58,2.05433
4074.86,1.2326
4290.21,0.410867
3892.47,0.821733
3735.57,0.410867
3643.76,0.821733
3644.78,1.2326
3734.78,1.2326
3730.29,0.410867
4037.21,0.821733
3815.14,0.410867
3924.97,0.410867
3773.31,0.821733
3810.5,0.821733
3948.74,0.821733
3927.65,0.821733
3875.06,0.410867
3741.78,1.2326
3886.6,0.821733
3858.66,0.410867
3882.81,0.821733
3831.18,0.410867
3917.38,0.410867
3974.91,0.410867
3831.73,1.2326
3750.46,0.821733
3797.08,0.410867
3929.39,0.821733
3794.45,0.410867
4102.41,0.821733
3874.63,0.821733
3888.07,1.2326
3938.82,0.410867
3840.9,0.410867
3940,0.410867
4076.12,0.821733
3898.51,0.821733
3996.16,0.410867
4159.89,0.410867
4066.87,0.410867
3876.38,0.410867
3722.04,0.410867
3827.03,0.410867
3824.15,0.821733
3864.78,0.821733
3919.08,0.821733
3813.48,1.2326
3769.45,0.410867
4016.6,0.821733
3834.37,0.410867
3904.23,0.821733
4127.25,0.821733
4007.18,0.821733
3873.75,0.821733
3776,0.821733
3764.22,0.410867
3654.69,0.821733
3790.12,0.821733
3872.17,1.2326
3656.05,1.64347
4095.01,2.05433
3738.4,1.64347
3865.93,2.4652
3793.85,0.821733
3782,0.821733
3687.05,0.410867
3973.92,1.64347
3941.15,0.821733
2898.79,1.64347
3233.56,0.410867
3786.83,0.821733
3542.14,1.64347
3790.83,1.64347
4021.09,0.821733
4138.47,0.410867
4480.63,0.410867
4167.8,0.821733
4274.81,0.410867
4364.46,0.410867
4357.39,0.821733
4260.08,0.821733
4178.66,0.410867
4051.37,0.821733
4197.73,1.2326
4485.21,0.821733
4396.52,1.64347
4601.36,0.410867
4348.78,0.410867
4354.31,1.64347
4318.12,2.05433
4340.43,1.2326
4647.96,0.410867
4230.13,0.821733
4127.57,0.410867
4085.52,0.821733
3986.36,1.2326
4040.58,1.2326
3997.81,0.410867
4281.54,0.821733
4213.58,0.410867
4276.14,0.410867
4009.77,0.821733
4205.2,0.821733
4269.59,0.821733
4287.26,0.821733
4290.84,0.410867
4201.09,1.2326
4339.26,0.821733
4124.2,0.410867
4148.24,0.821733
4217.06,0.410867
4276.24,0.410867
4333.76,0.410867
4219.29,1.2326
4155.59,0.821733
4133.88,0.410867
4147.33,0.821733
4021.91,0.410867
4359.56,0.821733
4093.25,0.821733
4059.07,1.2326
4205.32,0.410867
4105.37,0.410867
4253.9,0.410867
4378.63,0.821733
4152.21,0.821733
4291.31,0.410867
4484.93,0.410867
4421.39,0.410867
4193.64,0.410867
3884.17,0.410867
3984.99,0.410867
3992.34,0.821733
4141.2,0.821733
4139.56,0.821733
4099.6,1.2326
3969.78,0.410867
4347.18,0.821733
4140.91,0.410867
4196.28,0.821733
4337.6,0.821733
4128.81,0.821733
4124.02,0.821733
3951.68,0.821733
3961.64,0.410867
3926.41,0.821733
4050.25,0.821733
4073.18,1.2326
3934.06,1.64347
4046.8,2.05433
3959.97,1.64347
4118.83,2.4652
4102.84,0.821733
3894.67,0.821733
3970.08,0.410867
4055.3,1.64347
4196.63,0.821733
2939.9,1.2326
3588.03,1.64347
3673.13,2.4652
3586.2,1.64347
4045.49,1.64347
4323.33,1.2326
4652.26,1.2326
4404.71,1.64347
4532.74,1.2326
4503.32,1.2326
4473.42,1.64347
4412.22,1.64347
4385.31,1.2326
4127.64,1.64347
4371.66,2.05433
4508.57,1.64347
4477.3,2.4652
4728.86,1.2326
4468.62,1.2326
4422.51,2.4652
4393.1,2.87607
4444.27,2.05433
4757.38,1.2326
4324.75,1.64347
4202.17,1.2326
4212.37,1.64347
4108.95,2.05433
4228.63,2.05433
4176.25,1.2326
4446.09,1.64347
4343.82,1.2326
4472.26,1.2326
4163.63,1.64347
4345.83,1.64347
4392.5,1.64347
4396.74,1.64347
4441.46,1.2326
4209.98,2.05433
4380.08,1.64347
4266.99,1.2326
4180.48,1.64347
4317.49,1.2326
4345.69,1.2326
4494.21,1.2326
4154.8,2.05433
4234.21,1.64347
4358.92,1.2326
4392.55,1.64347
4075.04,1.2326
4472.8,1.64347
4206.87,1.64347
4088.13,2.05433
4283.72,1.2326
4101.02,1.2326
4286.85,1.2326
4413.87,1.64347
4223.18,1.64347
4367.45,1.2326
4598.27,1.2326
4569.17,1.2326
4371.33,1.2326
4042.46,1.2326
4135.6,1.2326
4131.89,1.64347
4224.51,1.64347
4240.55,1.64347
4230.74,2.05433
4235.5,1.2326
4548.24,1.64347
4335.27,1.2326
4380.68,1.64347
4503.12,1.64347
4162.85,1.64347
4169.57,1.64347
4032.8,1.64347
4032.29,1.2326
3987.15,1.64347
4105.1,1.64347
4102.92,2.05433
3983.4,2.4652
4167.62,2.87607
4108.34,2.4652
4219.46,3.28693
4270.29,1.64347
4115.98,1.64347
4150.05,1.2326
4197.25,2.4652
4325.43,1.64347
3067.27,0.410867
3308.08,1.2326
3734.45,1.2326
3294.38,0.410867
3499.29,0
3717.61,0
3505.04,0.410867
3518.89,0
3607.9,0
3465.96,0.410867
3583.13,0.410867
3491.12,0
3350.15,0.410867
3361.44,0.821733
3829.28,0.410867
3691.69,1.2326
3713.15,0
3680.45,0
3719.96,1.2326
3832.67,1.64347
3675.71,0.821733
3735.91,0
3521.97,0.410867
3458.62,0
3422.42,0.410867
3414,0.821733
3393.24,0.821733
3417.48,0
3548,0.410867
3453.98,0
3545.31,0
3574.18,0.410867
3533.18,0.410867
3665.64,0.410867
3685.25,0.410867
3524.33,0
3500.81,0.821733
3506.22,0.410867
3657.5,0
3883.57,0.410867
3489.94,0
3558.16,0
3543.95,0
3619.55,0.821733
3469.54,0.410867
3377.54,0
3644.59,0.410867
3521.34,0
3638.98,0.410867
3500.46,0.410867
3618.49,0.821733
3478.17,0
3529.36,0
3581.52,0
3649.3,0.410867
3497.22,0.410867
3544.53,0
3684.42,0
3646.91,0
3445.92,0
3436.71,0
3517.4,0
3444.9,0.410867
3568.12,0.410867
3597.01,0.410867
3675.87,0.821733
3537.42,0
3650.51,0.410867
3498.72,0
3614.09,0.410867
3769.79,0.410867
3759.1,0.410867
3520.53,0.410867
3629.14,0.410867
3467.93,0
3636.46,0.410867
3612.99,0.410867
3662.42,0.821733
3765.45,1.2326
4120.8,1.64347
3437.48,1.2326
3802.34,2.05433
3482.75,0.410867
3629.45,0.410867
3340.18,0
3951.94,1.2326
3587.99,0.410867
2498.38,0.821733
3209.84,1.64347
3268.55,0.821733
3262.15,0.410867
3675.37,0.410867
3415.9,0.821733
3393.39,0.410867
3849.94,0.410867
3467.33,0.821733
3753.06,0.821733
3642.4,0.410867
3461.61,0.821733
3314.81,1.2326
3453.53,0.821733
3234.69,1.64347
3452.07,0.410867
3579.23,0.410867
3365.36,1.64347
3327.94,2.05433
3284.07,1.2326
3556.86,0.410867
3173.15,0.821733
3336.6,0.410867
3307.13,0.821733
3274.46,1.2326
3473.27,1.2326
3449.59,0.410867
3747.99,0.821733
3414.02,0.410867
3770.64,0.410867
3443.8,0.821733
3598.77,0.821733
3874.22,0.821733
3932.82,0.821733
3749.48,0.410867
3169.21,1.2326
3264.4,0.821733
3810.27,0.410867
3534.22,0.821733
3400.2,0.410867
3445.2,0.410867
3676.54,0.410867
3425.74,1.2326
3190.4,0.821733
3375.76,0.410867
3896.84,0.821733
3559.73,0.410867
4084.93,0.821733
3861.41,0.821733
3623.58,1.2326
3532.07,0.410867
3563.78,0.410867
3452.01,0.410867
3557.65,0.821733
3657.42,0.821733
3455.69,0.410867
3512.12,0.410867
3285.72,0.410867
3308.4,0.410867
3093.5,0.410867
3668.64,0.410867
3463.58,0.821733
3547.45,0.821733
3684.68,0.821733
3414.67,1.2326
3430.67,0.410867
3462.13,0.821733
3486.88,0.410867
3581.93,0.821733
3911.19,0.821733
3657.77,0.821733
3521.98,0.821733
3426.3,0.821733
3707.92,0.410867
3614.68,0.821733
3400.03,0.821733
3147.14,1.2326
3407.22,1.64347
4040.32,2.05433
3443.4,1.64347
3685.77,2.4652
3622.48,0.821733
3792.43,0.821733
3395.7,0.410867
3655.51,1.64347
3201.86,0.821733
3017.5,2.4652
2928.88,1.64347
2782.91,1.2326
3448.92,1.2326
3194.24,1.64347
3272,1.2326
3528.56,1.2326
3341.54,1.64347
3499.44,1.64347
3490.61,1.2326
3382.77,1.64347
3253.02,2.05433
3402.03,1.64347
3196.68,2.4652
3359.49,1.2326
3422.82,1.2326
3348.04,2.4652
3429.58,2.87607
3313.9,2.05433
3405.47,1.2326
3234.2,1.64347
3233.67,1.2326
3303.32,1.64347
3279.37,2.05433
3351.81,2.05433
3378.25,1.2326
3563.14,1.64347
3283.55,1.2326
3506.46,1.2326
3244.08,1.64347
3440.79,1.64347
3680.48,1.64347
3696.04,1.64347
3550.72,1.2326
3084.08,2.05433
3190.03,1.64347
3594.39,1.2326
3530.88,1.64347
3290.17,1.2326
3325.59,1.2326
3513.86,1.2326
3497.17,2.05433
3194.31,1.64347
3167.56,1.2326
3520.29,1.64347
3330.58,1.2326
3825.93,1.64347
3550.77,1.64347
3408.6,2.05433
3336.35,1.2326
3450.99,1.2326
3256.68,1.2326
3322.62,1.64347
3390.97,1.64347
3240.2,1.2326
3289.51,1.2326
3125.46,1.2326
3145.8,1.2326
3026.75,1.2326
3320.14,1.2326
3170.68,1.64347
3299.84,1.64347
3488.28,1.64347
3154.47,2.05433
3242.35,1.2326
3352.01,1.64347
3287.82,1.2326
3350.53,1.64347
3609.37,1.64347
3465.83,1.64347
3341.46,1.64347
3299.64,1.64347
3479.15,1.2326
3456.38,1.64347
3399.27,1.64347
3204.68,2.05433
3321.43,2.4652
3860.65,2.87607
3185.03,2.4652
3524.97,3.28693
3481.3,1.64347
3638.74,1.64347
3242.21,1.2326
3627.82,2.4652
3101.43,1.64347
3372.93,1.64347
3732.85,1.2326
4354.55,1.2326
3912.83,1.64347
4149.69,1.2326
4308.35,1.2326
4220.88,1.64347
4179.86,1.64347
4145.95,1.2326
3950.58,1.64347
4048.83,2.05433
4164.57,1.64347
4001.28,2.4652
4330.88,1.2326
4153.01,1.2326
3986.05,2.4652
3875.09,2.87607
4007.01,2.05433
4391.15,1.2326
3844.07,1.64347
3954.56,1.2326
3938.71,1.64347
3804.36,2.05433
4015.54,2.05433
4033.35,1.2326
4350.97,1.64347
4020.88,1.2326
4238.35,1.2326
3796.87,1.64347
4029.46,1.64347
4217.66,1.64347
4292.06,1.64347
4294.77,1.2326
3853.9,2.05433
4008.69,1.64347
4092.11,1.2326
3757.48,1.64347
3958.25,1.2326
3895.06,1.2326
4197.85,1.2326
3809.82,2.05433
3820.24,1.64347
4070.71,1.2326
4286.12,1.64347
3841.28,1.2326
4456.98,1.64347
4154.38,1.64347
3869.76,2.05433
4069.28,1.2326
3941.42,1.2326
3987.35,1.2326
4196.75,1.64347
4075.49,1.64347
4114.33,1.2326
4266.66,1.2326
4115.69,1.2326
3982.51,1.2326
3653.36,1.2326
3915.36,1.2326
3869.62,1.64347
3986.61,1.64347
4097.63,1.64347
3838.39,2.05433
3829.87,1.2326
4088.34,1.64347
4070.8,1.2326
4111.81,1.64347
4347.81,1.64347
3908.61,1.64347
3932.33,1.64347
3628.17,1.64347
3951.98,1.2326
3835.91,1.64347
3943.89,1.64347
3757.97,2.05433
3838.59,2.4652
4171.27,2.87607
3957.21,2.4652
4047.24,3.28693
4136.16,1.64347
4093.67,1.64347
4013.65,1.2326
3989.3,2.4652
3933.23,1.64347
2096.57,0.410867
2816.12,0.410867
2550.69,0.821733
2826.1,0.410867
2895.91,0.410867
2757.35,0.821733
2961.78,0.821733
2945.75,0.410867
3083.94,0.821733
2929.13,1.2326
3167.18,0.821733
3193.09,1.64347
3090.58,0.410867
3196.44,0.410867
3288.1,1.64347
3504.88,2.05433
3224.62,1.2326
3083.46,0.410867
3290.3,0.821733
3114.05,0.410867
3307.88,0.821733
3397.74,1.2326
3213.87,1.2326
3335.78,0.410867
3210.94,0.821733
3031.31,0.410867
3124.89,0.410867
3414.1,0.821733
3287.17,0.821733
3405.62,0.821733
3457.34,0.821733
3222.07,0.410867
3247.1,1.2326
3195.14,0.821733
3491.7,0.410867
3867.95,0.821733
3248.65,0.410867
3246.69,0.410867
3175.15,0.410867
3649.14,1.2326
3293.54,0.821733
3101.27,0.410867
3342.4,0.821733
3416.75,0.410867
3461.8,0.821733
3404.86,0.821733
3520.99,1.2326
3117.17,0.410867
3537.94,0.410867
3261.8,0.410867
3167.12,0.821733
3458.58,0.821733
3206.38,0.410867
3140.46,0.410867
3086,0.410867
3184.61,0.410867
3526.5,0.410867
3437.52,0.410867
3396.04,0.821733
3258.77,0.821733
3251.72,0.821733
3452.77,1.2326
3306.62,0.410867
3087.98,0.821733
3156.59,0.410867
3089.5,0.821733
3265.38,0.821733
3509.55,0.821733
3235.07,0.821733
3539.82,0.821733
3385.37,0.410867
3658.25,0.821733
3524.74,0.821733
3592.39,1.2326
3740.76,1.64347
4289.78,2.05433
3168.82,1.64347
3599.21,2.4652
3548.68,0.821733
3847.8,0.821733
3268.29,0.410867
3853.18,1.64347
3237.99,0.821733
2046.78,0
2239.34,0.410867
2340.06,0
2651.85,0
2564.45,0.410867
2864.55,0.410867
2747.32,0
2926.06,0.410867
2623.15,0.821733
2836.8,0.410867
2757.53,1.2326
2630.03,0
2926.78,0
3080.44,1.2326
3390.73,1.64347
2951.44,0.821733
2547.62,0
2990.1,0.410867
2901.06,0
3139.95,0.410867
3269.07,0.821733
3017.24,0.821733
3159.9,0
3055.53,0.410867
2813.55,0
2952.89,0
3303.64,0.410867
3178.73,0.410867
3347.07,0.410867
3470.77,0.410867
3074.47,0
2973.27,0.821733
2844.93,0.410867
3431.52,0
3868.78,0.410867
3047.2,0
3061.97,0
3022.6,0
3671.27,0.821733
3138.51,0.410867
2794.12,0
3249.2,0.410867
3351.41,0
3472.42,0.410867
3342.3,0.410867
3573.59,0.821733
2956.36,0
3486.53,0
3098.74,0
2884.25,0.410867
3377.37,0.410867
2922.12,0
2710.5,0
2644.63,0
2846.33,0
3340.35,0
3404.17,0
3249.67,0.410867
3205.64,0.410867
3225.87,0.410867
3286.83,0.821733
3127.34,0
2738.42,0.410867
2878.11,0
2926.89,0.410867
3130.45,0.410867
3513.65,0.410867
3202.28,0.410867
3550.2,0.410867
3407.01,0
3735.47,0.410867
3454.76,0.410867
3362.5,0.821733
3783.14,1.2326
4467.88,1.64347
3058.3,1.2326
3643.71,2.05433
3418.26,0.410867
3887.14,0.410867
3135.99,0
3836.33,1.2326
2906.63,0.410867
1962.25,0.410867
2345.2,0
2731.92,0
2308.01,0.410867
2796.73,0.410867
2504.15,0
3050.6,0.410867
2618.95,0.821733
2882.91,0.410867
2786.81,1.2326
2485.84,0
2781.33,0
3050.65,1.2326
3437.26,1.64347
2985.72,0.821733
2365.8,0
3160.37,0.410867
3046.48,0
3268.76,0.410867
3456.99,0.821733
3183.97,0.821733
3237.18,0
3073.44,0.410867
2863.72,0
2972.96,0
3536.3,0.410867
3336.05,0.410867
3439.43,0.410867
3562.39,0.410867
3130.73,0
3183,0.821733
2965.24,0.410867
3563.1,0
4058.35,0.410867
3093.5,0
3169.4,0
3108.75,0
3788.74,0.821733
3287.9,0.410867
2843.78,0
3211.4,0.410867
3430.89,0
3432.29,0.410867
3441.76,0.410867
3672.4,0.821733
3038.36,0
3595.88,0
3213.86,0
2905.1,0.410867
3503.08,0.410867
2953.98,0
2663.75,0
2705.12,0
2921.24,0
3557.71,0
3554.01,0
3424.06,0.410867
3262.47,0.410867
3331.88,0.410867
3492.92,0.821733
3394,0
2833.65,0.410867
2882.53,0
2894.21,0.410867
2972.55,0.410867
3560.1,0.410867
3319.92,0.410867
3840.97,0.410867
3485.09,0
3954.6,0.410867
3646.76,0.410867
3586.91,0.821733
4002.57,1.2326
4719.35,1.64347
3143.52,1.2326
3807.36,2.05433
3551.84,0.410867
4080.86,0.410867
3149.06,0
3949.33,1.2326
2948.01,0.410867
2198.81,0.410867
2803.31,0.410867
2565.35,0.821733
2923.3,0.821733
2678.51,0.410867
2990.92,0.821733
2599.08,1.2326
2846.45,0.821733
2774.9,1.64347
2772.26,0.410867
2925.59,0.410867
3083.21,1.64347
3386.32,2.05433
3081.78,1.2326
2790.92,0.410867
3142.11,0.821733
3066.4,0.410867
3159.71,0.821733
3225.2,1.2326
3129.24,1.2326
3175.83,0.410867
3084.63,0.821733
2908.45,0.410867
2980.32,0.410867
3322.28,0.821733
3219.3,0.821733
3371.21,0.821733
3469.87,0.821733
3175.18,0.410867
3179.94,1.2326
3053.04,0.821733
3507.9,0.410867
3869.47,0.821733
3100.82,0.410867
3149.44,0.410867
3141.26,0.410867
3595.84,1.2326
3202.38,0.821733
2849.01,0.410867
3260.76,0.821733
3277.75,0.410867
3358.98,0.821733
3285.88,0.821733
3486.22,1.2326
2929.73,0.410867
3414.1,0.410867
3188.33,0.410867
3036.65,0.821733
3403.9,0.821733
3004.52,0.410867
2899.45,0.410867
2848.71,0.410867
2951.56,0.410867
3359.46,0.410867
3396.42,0.410867
3276.4,0.821733
3151.1,0.821733
3178.16,0.821733
3287.09,1.2326
3172.31,0.410867
2913.08,0.821733
2987.97,0.410867
3041.94,0.821733
3097.79,0.821733
3458.9,0.821733
3255.31,0.821733
3582.63,0.821733
3411.15,0.410867
3706.44,0.821733
3503.18,0.821733
3439.02,1.2326
3692.84,1.64347
4458.12,2.05433
3091.55,1.64347
3617.31,2.4652
3363.81,0.821733
3742.75,0.821733
3019.84,0.410867
3698.95,1.64347
2890.16,0.821733
2652.45,0
2137.97,0.410867
2695.54,0.410867
2333.35,0
2573.16,0.410867
2239.84,0.821733
2477.25,0.410867
2701.05,1.2326
2231.74,0
2647.64,0
2904.21,1.2326
3252.9,1.64347
2734.23,0.821733
2362.83,0
2832.31,0.410867
2811.09,0
3054.83,0.410867
3135.32,0.821733
3031.54,0.821733
3042.04,0
2870.88,0.410867
2695.1,0
2903.2,0
3301.49,0.410867
3139.35,0.410867
3349.19,0.410867
3466.6,0.410867
3060.31,0
2942.97,0.821733
2774.58,0.410867
3497.36,0
3858.48,0.410867
2988.81,0
2988.45,0
3033.43,0
3607.42,0.821733
3080.13,0.410867
2728.03,0
3232.69,0.410867
3276.04,0
3390.26,0.410867
3333.15,0.410867
3497.29,0.821733
2894.74,0
3454.13,0
3098.33,0
2816.49,0.410867
3353.31,0.410867
2804.63,0
2589.91,0
2497.16,0
2673.03,0
3240.03,0
3375.36,0
3142.28,0.410867
3110.87,0.410867
3183.7,0.410867
3160.19,0.821733
3045.29,0
2648.2,0.410867
2757.31,0
2849.63,0.410867
3041.91,0.410867
3524.12,0.410867
3202.43,0.410867
3648.26,0.410867
3338.38,0
3690.6,0.410867
3448.53,0.410867
3395.89,0.821733
3717.48,1.2326
4556.6,1.64347
3046.43,1.2326
3614.17,2.05433
3344.93,0.410867
3816.66,0.410867
3024.28,0
3765.57,1.2326
2709.31,0.410867
2557.05,0.410867
2712.88,0.410867
2815.65,0
2726.14,0.410867
2691.35,0.821733
3062.32,0.410867
3126.64,1.2326
2805.8,0
2843.28,0
3241.41,1.2326
3671.88,1.64347
3157.3,0.821733
2893.69,0
3206.02,0.410867
3013.57,0
3303.68,0.410867
3479.09,0.821733
3283.89,0.821733
3369.92,0
3104.23,0.410867
2938.88,0
2917.67,0
3579.16,0.410867
3226.14,0.410867
3335.24,0.410867
3471.27,0.410867
3137.78,0
3233.05,0.821733
3130.24,0.410867
3508.74,0
3999.06,0.410867
3170.81,0
3236.93,0
3137.7,0
3875.36,0.821733
3469.96,0.410867
3100.88,0
3282.7,0.410867
3463.68,0
3379.41,0.410867
3365.4,0.410867
3600.04,0.821733
3161.44,0
3681.26,0
3375.38,0
3139.11,0.410867
3470.54,0.410867
3151.27,0
3048.89,0
3034.61,0
3090.24,0
3716.53,0
3584.76,0
3441,0.410867
3164.05,0.410867
3250.35,0.410867
3449.05,0.821733
3325.51,0
3013.89,0.410867
3024.38,0
3095.34,0.410867
3114.52,0.410867
3601.18,0.410867
3299.65,0.410867
3723.64,0.410867
3395.19,0
3759.15,0.410867
3648.76,0.410867
3704.36,0.821733
3898.06,1.2326
4538.82,1.64347
3273.12,1.2326
3749.77,2.05433
3577.89,0.410867
3897.52,0.410867
3262.45,0
3918.64,1.2326
3144.82,0.410867
2164.16,0.821733
2190.67,0.410867
2599.91,0.821733
2328.1,1.2326
2773.23,0.821733
2886.02,1.64347
2374.57,0.410867
2665.76,0.410867
2859.87,1.64347
3205.94,2.05433
2811.42,1.2326
2342.24,0.410867
2994.88,0.821733
2878.07,0.410867
3128.59,0.821733
3360.86,1.2326
3147.28,1.2326
3135.69,0.410867
2875.77,0.821733
2782.13,0.410867
2923.18,0.410867
3417.82,0.821733
3232.17,0.821733
3374.85,0.821733
3481.11,0.821733
3060.9,0.410867
3015.57,1.2326
2844.7,0.821733
3462.94,0.410867
3924.9,0.821733
3030.95,0.410867
3015.71,0.410867
2992.74,0.410867
3604.45,1.2326
3118.27,0.821733
2804.53,0.410867
3182.43,0.821733
3315.89,0.410867
3349.95,0.821733
3295.73,0.821733
3484.08,1.2326
2939.23,0.410867
3430.8,0.410867
3140.89,0.410867
2852.8,0.821733
3359.39,0.821733
2846.62,0.410867
2657.63,0.410867
2641.95,0.410867
2822.81,0.410867
3370.31,0.410867
3426.63,0.410867
3268.02,0.821733
3177.48,0.821733
3215.9,0.821733
3308.78,1.2326
3162.23,0.410867
2702.26,0.821733
2827.22,0.410867
2826.8,0.821733
2996.79,0.821733
3596.32,0.821733
3213.29,0.821733
3682.08,0.821733
3340.51,0.410867
3726.42,0.821733
3506.09,0.821733
3475.92,1.2326
3778.13,1.64347
4488.86,2.05433
3057.49,1.64347
3590.28,2.4652
3458.33,0.821733
3985.14,0.821733
3192.55,0.410867
3898.12,1.64347
2860.92,0.821733
2054.73,0.410867
2558.43,0.821733
2479.5,0.410867
3083.47,0.821733
3194.2,1.64347
2694.28,0.410867
2939.24,0.410867
2954.8,1.64347
3257.33,1.2326
3003.99,1.2326
2899.8,0.410867
3259.4,0.821733
3104.34,0.410867
3280.71,0.821733
3491.88,1.2326
3360.41,1.2326
3374.42,0.410867
3162.72,0.821733
3163.24,0.410867
3263.13,0.410867
3676.52,0.821733
3585.47,0.821733
3484.4,0.821733
3657.76,0.821733
3384.65,0.410867
3373.86,1.2326
3287.95,0.821733
3615.7,0.410867
4131.35,0.821733
3402.64,0.410867
3435.45,0.410867
3322.88,0.410867
3851.74,1.2326
3552,0.821733
3275.73,0.410867
3375,0.821733
3491.37,0.410867
3543.61,0.821733
3467.98,0.821733
3616.38,1.2326
3253.46,0.410867
3690.87,0.410867
3322.43,0.410867
3160.53,0.821733
3553.01,0.821733
3148.63,0.410867
3008.9,0.410867
3086.51,0.410867
3128.77,0.410867
3552.87,0.410867
3509.34,0.410867
3465.9,0.821733
3343.59,0.821733
3395.14,0.821733
3551.69,1.2326
3345.08,0.410867
3129.23,0.821733
3176.97,0.410867
3133.27,0.821733
3208.85,0.821733
3537.68,0.821733
3285.17,0.821733
3738.87,0.821733
3478.92,0.410867
3775.34,0.821733
3636.23,0.821733
3763.95,1.2326
3916.07,1.64347
4501.27,2.05433
3267.01,1.64347
3738.96,2.4652
3657.27,0.821733
4002.94,0.821733
3373.99,0.410867
3880.41,1.64347
3231.01,0.821733
2063.77,0.410867
2301.15,0.821733
2954.42,0.410867
2941.45,1.2326
2671.72,0
2845.92,0
2958.72,1.2326
3311.85,1.64347
3010.9,0.821733
2778.34,0
3009.61,0.410867
2967.79,0
3153.55,0.410867
3310.6,0.821733
3124.36,0.821733
3216.24,0
3085.98,0.410867
3006.26,0
3098.41,0
3506.96,0.410867
3311.12,0.410867
3393.99,0.410867
3459.75,0.410867
3189.48,0
3181.42,0.821733
3090.34,0.410867
3446.63,0
3933.58,0.410867
3196.71,0
3212.33,0
3115.47,0
3721.83,0.821733
3325.46,0.410867
3100.53,0
3248.5,0.410867
3455.2,0
3440.43,0.410867
3314.11,0.410867
3579.5,0.821733
3160.39,0
3550.25,0
3192.47,0
3016.45,0.410867
3452.15,0.410867
3102.84,0
3020.23,0
2959.49,0
2964.17,0
3379.87,0
3379.96,0
3277.34,0.410867
3227.33,0.410867
3339.91,0.410867
3392.06,0.821733
3212.19,0
3054.57,0.410867
3004.4,0
3015.82,0.410867
3120.18,0.410867
3542.65,0.410867
3278.69,0.410867
3703.38,0.410867
3413.75,0
3678.44,0.410867
3530.87,0.410867
3660.74,0.821733
3848.27,1.2326
4414.25,1.64347
3122.86,1.2326
3664.13,2.05433
3396.2,0.410867
3829.97,0.410867
3170.89,0
3847.11,1.2326
3103.77,0.410867
2073.46,0.410867
2956.73,0.821733
2965.51,1.64347
2890.6,0.410867
2970.81,0.410867
3018.6,1.64347
3343.05,2.05433
3093.29,1.2326
3102.77,0.410867
3021.4,0.821733
3011.05,0.410867
3107.94,0.821733
3177.14,1.2326
3247.61,1.2326
3223.13,0.410867
3266.59,0.821733
3151.25,0.410867
3195.88,0.410867
3474.16,0.821733
3266.73,0.821733
3402.96,0.821733
3451.99,0.821733
3282.62,0.410867
3202.85,1.2326
3237.96,0.821733
3528.57,0.410867
3940.04,0.821733
3325.41,0.410867
3295.89,0.410867
3218.67,0.410867
3671.73,1.2326
3384.62,0.821733
3218.16,0.410867
3394.45,0.821733
3505.14,0.410867
3580.71,0.821733
3470.23,0.821733
3581.15,1.2326
3242,0.410867
3599.2,0.410867
3266.54,0.410867
3218.33,0.821733
3436.54,0.821733
3204.39,0.410867
3233.85,0.410867
3093.46,0.410867
3051.2,0.410867
3325.65,0.410867
3386.68,0.410867
3257.67,0.821733
3196.59,0.821733
3279.15,0.821733
3380.99,1.2326
3272.95,0.410867
3258.11,0.821733
3193.38,0.410867
3268.2,0.821733
3306.14,0.821733
3529.12,0.821733
3254.88,0.821733
3478.21,0.821733
3360.28,0.410867
3563.52,0.821733
3455.35,0.821733
3516.93,1.2326
3688.82,1.64347
4190.92,2.05433
3237.79,1.64347
3573.33,2.4652
3316.12,0.821733
3620.12,0.821733
3168.73,0.410867
3721.2,1.64347
3178.81,0.821733
2548.66,1.2326
2590.74,2.05433
2179.02,0.821733
2659.36,0.821733
2664.79,2.05433
2951.1,1.64347
2735.42,1.64347
2652.35,0.821733
2791.75,1.2326
2859.37,0.821733
2941.26,1.2326
3053.47,1.64347
3065.54,1.64347
3122.25,0.821733
3056.4,1.2326
2815.52,0.821733
2974.06,0.821733
3240.96,1.2326
3099.22,1.2326
3308.88,1.2326
3415.58,1.2326
3077.12,0.821733
2894.13,1.64347
2815.37,1.2326
3446.63,0.821733
3871.75,1.2326
3031.81,0.821733
3025.12,0.821733
2980.2,0.821733
3546.92,1.64347
3091.09,1.2326
2836.35,0.821733
3236.66,1.2326
3331.67,0.821733
3382.45,1.2326
3288.39,1.2326
3442.37,1.64347
2894.95,0.821733
3369.05,0.821733
3074.15,0.821733
2922.26,1.2326
3264.61,1.2326
2846.43,0.821733
2751.01,0.821733
2627.12,0.821733
2721.68,0.821733
3164.43,0.821733
3299.46,0.821733
3046.37,1.2326
3135.74,1.2326
3134.25,1.2326
3181.47,1.64347
3076.62,0.821733
2870.29,1.2326
2927.23,0.821733
3053.43,1.2326
3165.53,1.2326
3532.37,1.2326
3224.28,1.2326
3510.41,1.2326
3401.23,0.821733
3634.41,1.2326
3413.8,1.2326
3387.38,1.64347
3626.37,2.05433
4362.98,2.4652
3070.6,2.05433
3464.11,2.87607
3180.9,1.2326
3663.95,1.2326
2957.33,0.821733
3671.92,2.05433
2821.13,1.2326
2193.93,1.64347
2308.5,0.410867
2637.23,0.410867
2688.2,1.64347
3069.82,2.05433
2864.92,1.2326
2643.75,0.410867
2926.66,0.821733
2734.39,0.410867
3177.76,0.821733
3292.26,1.2326
3276.52,1.2326
3272,0.410867
3129.45,0.821733
2890.88,0.410867
3136.43,0.410867
3289.43,0.821733
3373.89,0.821733
3521.7,0.821733
3617.32,0.821733
3341.79,0.410867
3014.19,1.2326
2876.93,0.821733
3567.98,0.410867
3839.95,0.821733
3128.93,0.410867
3069.84,0.410867
3215.12,0.410867
3578.67,1.2326
3215.46,0.821733
3004.58,0.410867
3459.57,0.821733
3314.62,0.410867
3601.5,0.821733
3544.14,0.821733
3501.9,1.2326
3071.09,0.410867
3582.66,0.410867
3233.32,0.410867
2952.09,0.821733
3480.59,0.821733
2943.08,0.410867
2757.78,0.410867
2696.93,0.410867
2914.27,0.410867
3367.92,0.410867
3577.57,0.410867
3346.12,0.821733
3373.76,0.821733
3430.66,0.821733
3387.71,1.2326
3335.28,0.410867
2889.48,0.821733
3106.04,0.410867
3076.34,0.821733
3244.29,0.821733
3570.76,0.821733
3299.09,0.821733
3657.54,0.821733
3516.77,0.410867
3795.53,0.821733
3511.38,0.821733
3417.96,1.2326
3709.98,1.64347
4523.6,2.05433
3096.04,1.64347
3582.12,2.4652
3541.13,0.821733
3941.08,0.821733
3209.43,0.410867
3641.11,1.64347
2717.66,0.821733
2243.36,1.2326
2538.73,1.2326
2364.44,1.64347
2786.07,2.05433
2804.78,2.05433
2666.76,1.2326
2642.03,1.64347
2937.29,1.2326
3072.55,1.64347
3076.86,2.05433
2944.07,1.2326
3075.93,1.2326
3176.52,1.64347
2808.62,1.2326
3050.48,1.2326
3077.03,1.64347
3093.97,1.64347
3430.57,1.64347
3486.21,1.64347
3180.62,1.2326
2820.35,2.05433
2738.48,1.64347
3458.9,1.2326
3618.27,1.64347
2971.28,1.2326
2905.14,1.2326
3109.52,1.2326
3394.22,2.05433
3004.9,1.64347
2812.78,1.2326
3412.55,1.64347
3270.78,1.2326
3541.43,1.64347
3404.81,1.64347
3394.12,2.05433
3105.97,1.2326
3413.02,1.2326
3019.94,1.2326
2903.6,1.64347
3375.88,1.64347
2952.59,1.2326
2833.09,1.2326
2650.54,1.2326
2781.22,1.2326
3156.58,1.2326
3474.61,1.2326
3147.15,1.64347
3286,1.64347
3358.54,1.64347
3213.34,2.05433
3191.57,1.2326
2920.28,1.64347
3044.78,1.2326
3137.59,1.64347
3314.17,1.64347
3539.97,1.64347
3208.59,1.64347
3456.76,1.64347
3512.23,1.2326
3761.34,1.64347
3415.73,1.64347
3251.69,2.05433
3532.92,2.4652
4372.36,2.87607
3039.97,2.4652
3533.74,3.28693
3315.38,1.64347
3731.89,1.64347
3050.44,1.2326
3613.01,2.4652
2721.31,1.64347
2042.43,0
2111.33,1.2326
2569.21,1.64347
2155.2,0.821733
2143.39,0
2487.37,0.410867
2705.68,0
2940.11,0.410867
2995.04,0.821733
2887.83,0.821733
3055.6,0
2872.53,0.410867
2547.58,0
2860.81,0
3182.93,0.410867
3196.26,0.410867
3443.87,0.410867
3548.01,0.410867
3052.59,0
2739.59,0.821733
2529.98,0.410867
3457.71,0
3928.15,0.410867
2976.59,0
2930.25,0
3008.81,0
3680.42,0.821733
3089.73,0.410867
2725.47,0
3324.69,0.410867
3364.54,0
3505.36,0.410867
3405.41,0.410867
3535.45,0.821733
2972.59,0
3506.37,0
2964.68,0
2639.03,0.410867
3297.43,0.410867
2637.31,0
2316.36,0
2232.62,0
2602.64,0
3215.2,0
3457.8,0
3136.12,0.410867
3193.69,0.410867
3251.31,0.410867
3248.97,0.821733
3195.79,0
2612.45,0.410867
2873.88,0
2913.93,0.410867
3127.97,0.410867
3533.9,0.410867
3210.5,0.410867
3619.65,0.410867
3524.25,0
3850.26,0.410867
3467.27,0.410867
3323.42,0.821733
3754.04,1.2326
4651.78,1.64347
3015.9,1.2326
3583.62,2.05433
3445.8,0.410867
4025.6,0.410867
3062.44,0
3822.64,1.2326
2594.44,0.410867
1787.34,1.2326
2456.35,1.64347
2341.85,0.821733
2673.71,0
2917.66,0.410867
2859.65,0
3171,0.410867
3259.05,0.821733
3121.63,0.821733
2996.04,0
3000.98,0.410867
2721.01,0
3078.57,0
3201.35,0.410867
3258.54,0.410867
3395.47,0.410867
3419.8,0.410867
3123.46,0
2966.41,0.821733
2807.46,0.410867
3453.94,0
3722.33,0.410867
3020.54,0
2992.63,0
3092.9,0
3586.01,0.821733
3213.87,0.410867
2980.42,0
3298.37,0.410867
3345.88,0
3470.48,0.410867
3361.45,0.410867
3456.16,0.821733
3065.81,0
3464.18,0
3075.85,0
2840.17,0.410867
3284.08,0.410867
2888.32,0
2715.24,0
2747.02,0
2917.93,0
3339.62,0
3471.62,0
3274,0.410867
3300.76,0.410867
3271.36,0.410867
3333.39,0.821733
3271.95,0
2804.61,0.410867
2994.6,0
2984.26,0.410867
3111.56,0.410867
3484.65,0.410867
3192.15,0.410867
3498.54,0.410867
3422.17,0
3673.77,0.410867
3490.51,0.410867
3440.9,0.821733
3750.52,1.2326
4390.62,1.64347
3111.86,1.2326
3537.75,2.05433
3484.46,0.410867
3866.46,0.410867
3152.65,0
3641.88,1.2326
2827.83,0.410867
1590.17,1.2326
2210.5,2.05433
2815.72,1.2326
2736.09,1.64347
2864.58,1.2326
3061.64,1.64347
3037.25,2.05433
3051.69,1.2326
3155.71,1.2326
3158.6,1.64347
2759.36,1.2326
3224.97,1.2326
3185.95,1.64347
3349.75,1.64347
3526.16,1.64347
3565.48,1.64347
3278.7,1.2326
2963.52,2.05433
2896.69,1.64347
3555.96,1.2326
3728.23,1.64347
3138.22,1.2326
3151.32,1.2326
3292.53,1.2326
3525.5,2.05433
3213.7,1.64347
3094.3,1.2326
3515.92,1.64347
3477.13,1.2326
3715.03,1.64347
3550.14,1.64347
3521.89,2.05433
3227.97,1.2326
3507.07,1.2326
3102.68,1.2326
2979.43,1.64347
3397.44,1.64347
3006.64,1.2326
2901.5,1.2326
2798.48,1.2326
2977.36,1.2326
3216.62,1.2326
3527.07,1.2326
3301.21,1.64347
3375.47,1.64347
3324.29,1.64347
3330.82,2.05433
3312.88,1.2326
2945.47,1.64347
3174.54,1.2326
3156.44,1.64347
3330.1,1.64347
3498.3,1.64347
3249.27,1.64347
3496.12,1.64347
3600.73,1.2326
3725.02,1.64347
3532.42,1.64347
3340.12,2.05433
3673.66,2.4652
4351.03,2.87607
3142.95,2.4652
3461.39,3.28693
3538.29,1.64347
3843.3,1.64347
3255.5,1.2326
3566.24,2.4652
2887.45,1.64347
2042.11,1.64347
3053.77,1.64347
2725.8,2.05433
2992.55,1.64347
3080.51,2.05433
3036.5,2.4652
3163.76,1.64347
3252.29,1.64347
3404.69,2.05433
3010.45,1.64347
3503.6,1.64347
3242.96,2.05433
3584.65,2.05433
3754.6,2.05433
3804.39,2.05433
3568.68,1.64347
3177.89,2.4652
3127.94,2.05433
3733.04,1.64347
3761.45,2.05433
3405.67,1.64347
3384.61,1.64347
3576.47,1.64347
3583.56,2.4652
3318.01,2.05433
3343.2,1.64347
3702.96,2.05433
3625.47,1.64347
4036.39,2.05433
3758,2.05433
3603.1,2.4652
3442.16,1.64347
3546.16,1.64347
3222.2,1.64347
3233.27,2.05433
3552.58,2.05433
3239.68,1.64347
3225.31,1.64347
3068.07,1.64347
3262.5,1.64347
3215.66,1.64347
3635.35,1.64347
3428.3,2.05433
3559.82,2.05433
3542.78,2.05433
3367.92,2.4652
3421.43,1.64347
3194.21,2.05433
3398.71,1.64347
3415.13,2.05433
3634.66,2.05433
3560.75,2.05433
3462.22,2.05433
3565.93,2.05433
3838.49,1.64347
3842.23,2.05433
3628.45,2.05433
3287.08,2.4652
3645.74,2.87607
4301.41,3.28693
3359.82,2.87607
3536.06,3.6978
3734.29,2.05433
3989.01,2.05433
3508.79,1.64347
3690.06,2.87607
3104.05,2.05433
2470.67,0.821733
2473.56,1.2326
2565.1,0.821733
2870.97,1.2326
2807.37,0.821733
2876.91,0.821733
3046.57,0.821733
3043.76,1.2326
2697.34,0.821733
3127.47,0.821733
3084.58,1.2326
3368.33,1.2326
3590.24,1.2326
3668.19,1.2326
3391.87,0.821733
2986.84,1.64347
2838.99,1.2326
3574.09,0.821733
3765.55,1.2326
3178.86,0.821733
3185.5,0.821733
3308.58,0.821733
3638.28,1.64347
3150.54,1.2326
3049.34,0.821733
3501.25,1.2326
3446.78,0.821733
3777.39,1.2326
3572.64,1.2326
3553.91,1.64347
3164.41,0.821733
3546.08,0.821733
3113.7,0.821733
2927.19,1.2326
3412.14,1.2326
2953.8,0.821733
2801.05,0.821733
2648.14,0.821733
2987.67,0.821733
3260.23,0.821733
3570.81,0.821733
3362.63,1.2326
3357.95,1.2326
3370.16,1.2326
3271.57,1.64347
3299.11,0.821733
2875.73,1.2326
3087.39,0.821733
3082.36,1.2326
3291.28,1.2326
3435.6,1.2326
3268.09,1.2326
3552.62,1.2326
3659.01,0.821733
3802.98,1.2326
3535.66,1.2326
3236.18,1.64347
3667.18,2.05433
4468.21,2.4652
3199.27,2.05433
3574.78,2.87607
3594.85,1.2326
4017.04,1.2326
3245.67,0.821733
3727.74,2.05433
2816.9,1.2326
2550.5,0.410867
2524.56,0
2739.62,0.410867
3136.37,0.821733
2839.16,0.821733
2916.26,0
2836.84,0.410867
2399.38,0
2918.43,0
3299.39,0.410867
3254.42,0.410867
3426.13,0.410867
3567.01,0.410867
3092.64,0
2931.16,0.821733
2682.09,0.410867
3531.18,0
3938.21,0.410867
2993.59,0
2988.72,0
3043.71,0
3677.46,0.821733
3074.54,0.410867
2706.99,0
3303.39,0.410867
3361.19,0
3455.01,0.410867
3378.38,0.410867
3550.88,0.821733
2870.14,0
3486.82,0
3107.49,0
2654.33,0.410867
3353.26,0.410867
2696.29,0
2397.77,0
2299.69,0
2759.6,0
3399.34,0
3557.57,0
3359.62,0.410867
3271.08,0.410867
3324.95,0.410867
3346.98,0.821733
3276.97,0
2613.44,0.410867
2831.99,0
2804.38,0.410867
3020.2,0.410867
3590.24,0.410867
3268.36,0.410867
3769.63,0.410867
3536.42,0
3935.82,0.410867
3570.19,0.410867
3446.31,0.821733
3898.66,1.2326
4786.06,1.64347
3141.46,1.2326
3766.33,2.05433
3608.62,0.410867
4181.09,0.410867
3156.85,0
3954.34,1.2326
2691.95,0.410867
2195.53,0.410867
2424.9,0.821733
2519.65,1.2326
2690.17,1.2326
2896.16,0.410867
2907.02,0.821733
2444.6,0.410867
3076.8,0.410867
2982.61,0.821733
3069.95,0.821733
3401.31,0.821733
3507.88,0.821733
3134.47,0.410867
2819.83,1.2326
2732.15,0.821733
3407.71,0.410867
3551.43,0.821733
3075.1,0.410867
2979.8,0.410867
3137.46,0.410867
3361.99,1.2326
2928.13,0.821733
2982.97,0.410867
3562.58,0.821733
3415.72,0.410867
3800.9,0.821733
3514.38,0.821733
3507.62,1.2326
3100.96,0.410867
3385.18,0.410867
3013.79,0.410867
2922.93,0.821733
3315.05,0.821733
2964.07,0.410867
2885.28,0.410867
2651.36,0.410867
2888.2,0.410867
2998.96,0.410867
3466.95,0.410867
3205.65,0.821733
3348.22,0.821733
3362.43,0.821733
3197.54,1.2326
3196.63,0.410867
2972.9,0.821733
3047.66,0.410867
3166.28,0.821733
3405.23,0.821733
3460.1,0.821733
3261.15,0.821733
3411.73,0.821733
3515.98,0.410867
3700.19,0.821733
3337.71,0.821733
3123.69,1.2326
3483.65,1.64347
4327.41,2.05433
3202.88,1.64347
3578.68,2.4652
3416.18,0.821733
3843.36,0.821733
3130.51,0.410867
3686.13,1.64347
2813.21,0.821733
2095.6,0.410867
2621.58,0.821733
2749.01,0.821733
2650.92,0
2878.12,0.410867
2503.37,0
3006.21,0
3143.73,0.410867
3158.38,0.410867
3424.12,0.410867
3446.84,0.410867
3120.85,0
2900.08,0.821733
2866.72,0.410867
3331.52,0
3607.98,0.410867
3068.63,0
3010.58,0
3066.8,0
3536.54,0.821733
3088.25,0.410867
2986.74,0
3463.37,0.410867
3326.64,0
3561.75,0.410867
3382.39,0.410867
3486.91,0.821733
2991.97,0
3372.23,0
3151.54,0
2996.31,0.410867
3302.1,0.410867
2975.5,0
2879.74,0
2776.05,0
2898.17,0
3215.85,0
3493.25,0
3307.59,0.410867
3313.74,0.410867
3345.69,0.410867
3312.95,0.821733
3243.23,0
2986.74,0.410867
2969.83,0
3042.35,0.410867
3216.21,0.410867
3552.29,0.410867
3244.1,0.410867
3449.48,0.410867
3326.07,0
3620.76,0.410867
3387.62,0.410867
3343.24,0.821733
3646.22,1.2326
4332.64,1.64347
3094.22,1.2326
3544.94,2.05433
3418.98,0.410867
3859.34,0.410867
3095.57,0
3676.83,1.2326
2863.19,0.410867
2246.57,0.410867
2714.74,1.2326
2734.54,0.410867
3084.83,0.821733
2822.8,0.410867
3206.89,0.410867
3301.97,0.821733
3276.86,0.821733
3505.88,0.821733
3530.58,0.821733
3256.38,0.410867
3058.88,1.2326
3089.63,0.821733
3476.18,0.410867
3609.77,0.821733
3185.7,0.410867
3151.41,0.410867
3298.63,0.410867
3529.67,1.2326
3268.97,0.821733
3180.51,0.410867
3556.36,0.821733
3473.9,0.410867
3758.25,0.821733
3497.33,0.821733
3609.58,1.2326
3209.36,0.410867
3439.66,0.410867
3324.15,0.410867
3241.19,0.821733
3422.56,0.821733
3237.56,0.410867
3203.54,0.410867
3052.32,0.410867
3136.2,0.410867
3271.91,0.410867
3555.47,0.410867
3434.07,0.821733
3501.09,0.821733
3483.03,0.821733
3432.54,1.2326
3308.89,0.410867
3218.02,0.821733
3229.51,0.410867
3361.2,0.821733
3495.06,0.821733
3667.91,0.821733
3390.46,0.821733
3503.47,0.821733
3477.91,0.410867
3676.74,0.821733
3469.49,0.821733
3396.24,1.2326
3598.2,1.64347
4297.93,2.05433
3189.51,1.64347
3618.16,2.4652
3504.61,0.821733
3838.71,0.821733
3164.51,0.410867
3821.37,1.64347
3111.05,0.821733
2266.45,0.821733
2707.59,0.821733
3067.02,1.2326
2821.37,0.821733
3079.31,0.821733
3032.31,1.2326
3158.96,1.2326
3489.96,1.2326
3467.14,1.2326
3225.78,0.821733
3012.01,1.64347
3095.6,1.2326
3348.48,0.821733
3477.22,1.2326
3194.22,0.821733
3128.5,0.821733
3266.97,0.821733
3466.46,1.64347
3170.59,1.2326
3131.24,0.821733
3564.5,1.2326
3469.89,0.821733
3715.57,1.2326
3434.93,1.2326
3586.34,1.64347
3366.5,0.821733
3439.26,0.821733
3217.52,0.821733
3283.95,1.2326
3438.59,1.2326
3320.85,0.821733
3358.94,0.821733
3169.72,0.821733
3190.62,0.821733
3200.32,0.821733
3489.37,0.821733
3361.34,1.2326
3519.6,1.2326
3468.1,1.2326
3225.74,1.64347
3217.8,0.821733
3242.01,1.2326
3226.54,0.821733
3400.42,1.2326
3492.58,1.2326
3663.07,1.2326
3537.81,1.2326
3536.18,1.2326
3508.45,0.821733
3632.68,1.2326
3430.95,1.2326
3269.9,1.64347
3523.93,2.05433
4253.37,2.4652
3258.48,2.05433
3586.34,2.87607
3434.71,1.2326
3756.69,1.2326
3204.44,0.821733
3723.5,2.05433
3105.79,1.2326
2379.34,0.821733
2693.43,1.2326
2613.4,0.821733
2722.05,0.821733
2900.03,1.2326
3077.59,1.2326
3204.68,1.2326
3212.34,1.2326
2838.2,0.821733
2981.3,1.64347
3077.98,1.2326
3230.99,0.821733
3711.75,1.2326
3076.87,0.821733
3044.89,0.821733
3029.59,0.821733
3494.21,1.64347
3126.3,1.2326
2949.38,0.821733
3388.31,1.2326
3443.78,0.821733
3447.76,1.2326
3277.55,1.2326
3582.17,1.64347
3203.35,0.821733
3436.02,0.821733
3162.27,0.821733
3026.26,1.2326
3307.41,1.2326
3133.25,0.821733
3138.81,0.821733
3029.22,0.821733
3080.94,0.821733
3343.3,0.821733
3532.43,0.821733
3374.08,1.2326
3496.95,1.2326
3420.33,1.2326
3267.2,1.64347
3198.5,0.821733
3112.14,1.2326
3091.87,0.821733
3200.76,1.2326
3304.17,1.2326
3744.54,1.2326
3398.82,1.2326
3664.88,1.2326
3503.73,0.821733
3705.37,1.2326
3485.08,1.2326
3549.52,1.64347
3696.93,2.05433
4395.7,2.4652
3138.69,2.05433
3587.45,2.87607
3403.61,1.2326
3746.02,1.2326
3130.28,0.821733
3836.23,2.05433
3150.24,1.2326
2604.98,0.410867
2740.58,0
2986.72,0
3037.55,0.410867
3209.48,0.410867
3217.22,0.410867
3214.99,0.410867
2882.79,0
3156.72,0.821733
3116.97,0.410867
3405.01,0
3674.59,0.410867
3082.64,0
3065.1,0
3149.83,0
3429.17,0.821733
3165.17,0.410867
2958.13,0
3409.03,0.410867
3430.19,0
3480.45,0.410867
3355.01,0.410867
3527.63,0.821733
3209.94,0
3402.77,0
3215.03,0
3158.38,0.410867
3312.58,0.410867
3171.84,0
3184.34,0
3103.75,0
3127.63,0
3358.72,0
3474.43,0
3329.7,0.410867
3419.29,0.410867
3377.25,0.410867
3360.92,0.821733
3309.83,0
3239.42,0.410867
3190.14,0
3265.99,0.410867
3349.75,0.410867
3665.78,0.410867
3382.01,0.410867
3580.46,0.410867
3471.85,0
3655.44,0.410867
3433.03,0.410867
3472.34,0.821733
3682.95,1.2326
4271.23,1.64347
3168.98,1.2326
3603.27,2.05433
3468.19,0.410867
3788.01,0.410867
3212.18,0
3793.16,1.2326
3195.27,0.410867
2369.37,0.410867
2663.37,0.410867
3127.42,0.821733
3144.53,0.821733
3231.12,0.821733
3234.12,0.821733
2849.05,0.410867
3236.88,1.2326
3148.2,0.821733
3436.01,0.410867
3907.61,0.821733
3186.13,0.410867
3204.34,0.410867
3124,0.410867
3609.16,1.2326
3239.75,0.821733
3016.69,0.410867
3339.97,0.821733
3484.96,0.410867
3408.69,0.821733
3485.51,0.821733
3627.37,1.2326
3184.51,0.410867
3666.87,0.410867
3310.82,0.410867
3033.25,0.821733
3442.38,0.821733
3152.77,0.410867
2998.07,0.410867
2998.81,0.410867
3099.11,0.410867
3594.28,0.410867
3553.25,0.410867
3448.49,0.821733
3561.23,0.821733
3437.97,0.821733
3504.18,1.2326
3369.52,0.410867
3136.64,0.821733
3220.57,0.410867
3210.22,0.821733
3218.94,0.821733
3746.32,0.821733
3463.39,0.821733
3795.54,0.821733
3567.35,0.410867
3896.85,0.821733
3620.84,0.821733
3680.9,1.2326
3803.12,1.64347
4428.64,2.05433
3071.06,1.64347
3477.55,2.4652
3490.97,0.821733
3817.63,0.821733
3235.8,0.410867
3909.66,1.64347
3103.65,0.821733
2316.66,0
2813.96,0.410867
2879.35,0.410867
3127.43,0.410867
3245.8,0.410867
2797.77,0
2835.46,0.821733
2785.86,0.410867
3167.88,0
3545.96,0.410867
2916.85,0
2921.93,0
2984.99,0
3385.91,0.821733
2969.86,0.410867
2722.78,0
3247.94,0.410867
3264.61,0
3394.44,0.410867
3300.75,0.410867
3430.49,0.821733
2848.83,0
3339.63,0
3058.12,0
2862.96,0.410867
3253.35,0.410867
2836.01,0
2665.7,0
2621.28,0
2828.2,0
3207.85,0
3357.82,0
3219.17,0.410867
3298.77,0.410867
3259.49,0.410867
3187.57,0.821733
3224.33,0
2849.67,0.410867
3002.36,0
3007.5,0.410867
3214.56,0.410867
3529.87,0.410867
3226.95,0.410867
3535.05,0.410867
3391.02,0
3708.61,0.410867
3438.83,0.410867
3349.43,0.821733
3681.73,1.2326
4439.46,1.64347
3029.45,1.2326
3524.85,2.05433
3385.97,0.410867
3776.03,0.410867
3022.66,0
3697.14,1.2326
2756.57,0.410867
2554.78,0.410867
2454.19,0.410867
2741.88,0.410867
2896.17,0.410867
2393.62,0
2915.36,0.821733
2950.23,0.410867
3052.18,0
3817.86,0.410867
3069.5,0
2940.71,0
2887.53,0
3477.3,0.821733
3224.19,0.410867
2898.33,0
3245.53,0.410867
3353.14,0
3389.01,0.410867
3372.96,0.410867
3525.28,0.821733
2998.1,0
3458.48,0
3226.94,0
3089.09,0.410867
3424.87,0.410867
3068.57,0
2947.56,0
2912.05,0
2957.83,0
3458.96,0
3418.67,0
3338.24,0.410867
3371.8,0.410867
3308.28,0.410867
3285.98,0.821733
3228.77,0
3047.13,0.410867
3123.45,0
3092.84,0.410867
3146.77,0.410867
3650.12,0.410867
3375.36,0.410867
3709.02,0.410867
3364.16,0
3756.06,0.410867
3552.4,0.410867
3609.28,0.821733
3782.16,1.2326
4411.76,1.64347
3103.51,1.2326
3465.88,2.05433
3303.81,0.410867
3651.44,0.410867
3064.61,0
3854.41,1.2326
3089.44,0.410867
2522.68,0.821733
3066.21,0.821733
3114.83,0.821733
2968.11,0.410867
2871.83,1.2326
3054.36,0.821733
3089.32,0.410867
3483.33,0.821733
3263.67,0.410867
3080.63,0.410867
3265.77,0.410867
3276.67,1.2326
3098.97,0.821733
3063.25,0.410867
3568.02,0.821733
3439.1,0.410867
3771.32,0.821733
3522.32,0.821733
3509.05,1.2326
3251.94,0.410867
3379.47,0.410867
3312.33,0.410867
3264.45,0.821733
3412.96,0.821733
3243.76,0.410867
3257.11,0.410867
3138.16,0.410867
3264.63,0.410867
3336.22,0.410867
3502.58,0.410867
3358.36,0.821733
3576.38,0.821733
3428.97,0.821733
3183.55,1.2326
3269.69,0.410867
3266.01,0.821733
3348.94,0.410867
3434.73,0.821733
3528.89,0.821733
3659.66,0.821733
3531.6,0.821733
3520.1,0.821733
3581.04,0.410867
3629.47,0.821733
3473.59,0.821733
3353.25,1.2326
3546.26,1.64347
4227.98,2.05433
3287.37,1.64347
3565.54,2.4652
3500.08,0.821733
3600.52,0.821733
3205.76,0.410867
3638.55,1.64347
3153.28,0.821733
2234.48,0.821733
2679.72,0.821733
2510.35,0.410867
3099.84,1.2326
3169.38,0.821733
3266.92,0.410867
3615.49,0.821733
3159.49,0.410867
2958.48,0.410867
3094.62,0.410867
3320.48,1.2326
3002.88,0.821733
3042.77,0.410867
3464.89,0.821733
3460.29,0.410867
3599.97,0.821733
3455.41,0.821733
3555.8,1.2326
3274.11,0.410867
3449.75,0.410867
3390.89,0.410867
3312.52,0.821733
3515.36,0.821733
3306.67,0.410867
3289.21,0.410867
3136.51,0.410867
3140.96,0.410867
3471.35,0.410867
3486.94,0.410867
3389.56,0.821733
3469.19,0.821733
3449.98,0.821733
3355.21,1.2326
3366.54,0.410867
3268.18,0.821733
3187.36,0.410867
3300.18,0.821733
3432.53,0.821733
3794.55,0.821733
3552.37,0.821733
3684,0.821733
3548.07,0.410867
3682.89,0.821733
3560.7,0.821733
3548.73,1.2326
3673.07,1.64347
4329.99,2.05433
3293.25,1.64347
3551.93,2.4652
3325.59,0.821733
3610.17,0.821733
3093.92,0.410867
3788.03,1.64347
3181.86,0.821733
2307.09,0.821733
2397.09,0.410867
3420.94,1.2326
3443.86,0.821733
3285.32,0.410867
3939.11,0.821733
3357.54,0.410867
3284,0.410867
3389.78,0.410867
3538.73,1.2326
3420.6,0.821733
3266.95,0.410867
3442.91,0.821733
3594.32,0.410867
3634.19,0.821733
3503.81,0.821733
3622.31,1.2326
3406.83,0.410867
3563.42,0.410867
3518.72,0.410867
3373.34,0.821733
3586.21,0.821733
3432.57,0.410867
3476.78,0.410867
3428.84,0.410867
3334.9,0.410867
3702.54,0.410867
3576.92,0.410867
3560.11,0.821733
3533.69,0.821733
3482.49,0.821733
3519.16,1.2326
3472.2,0.410867
3393.85,0.821733
3387.06,0.410867
3353.35,0.821733
3449.82,0.821733
3842.62,0.821733
3602.79,0.821733
3857.77,0.821733
3589.14,0.410867
3802.58,0.821733
3691.1,0.821733
3856.72,1.2326
3923.38,1.64347
4453.3,2.05433
3353.6,1.64347
3738.45,2.4652
3594.71,0.821733
3711.64,0.821733
3357.45,0.410867
3879.53,1.64347
3409.95,0.821733
1962.35,0.410867
3319.56,1.2326
3352.02,0.821733
3189.25,0.410867
3831.67,0.821733
3407.75,0.410867
3238.05,0.410867
3378.04,0.410867
3516.16,1.2326
3493.16,0.821733
3442.66,0.410867
3502,0.821733
3497.35,0.410867
3626.92,0.821733
3613.84,0.821733
3751.95,1.2326
3454.74,0.410867
3605.94,0.410867
3524.01,0.410867
3431.81,0.821733
3620.18,0.821733
3529.13,0.410867
3583.53,0.410867
3509.2,0.410867
3430.49,0.410867
3672.92,0.410867
3637.67,0.410867
3615.17,0.821733
3586.55,0.821733
3579.46,0.821733
3629.82,1.2326
3609.35,0.410867
3562.07,0.821733
3510.95,0.410867
3474.23,0.821733
3557.31,0.821733
3933.25,0.821733
3603.27,0.821733
3881.95,0.821733
3588.87,0.410867
3824.26,0.821733
3710.92,0.821733
3865.7,1.2326
3900.35,1.64347
4405.88,2.05433
3360.83,1.64347
3675.02,2.4652
3618.83,0.821733
3770.77,0.821733
3385.88,0.410867
3977.86,1.64347
3514.18,0.821733
2973.91,0.821733
3013.66,0.410867
3004.34,0
3702.66,0.410867
3112.83,0
2938.86,0
3092.37,0
3315.94,0.821733
3168.71,0.410867
3090.16,0
3373.09,0.410867
3475.25,0
3515.64,0.410867
3491.47,0.410867
3625.95,0.821733
3237.55,0
3501.76,0
3314.19,0
3180.22,0.410867
3401.09,0.410867
3185.1,0
3160.75,0
3087.78,0
3103.78,0
3454.28,0
3536.54,0
3446.45,0.410867
3446.21,0.410867
3393.02,0.410867
3400.81,0.821733
3311.5,0
3169.8,0.410867
3173.27,0
3167.34,0.410867
3243.24,0.410867
3746.87,0.410867
3423.13,0.410867
3736.41,0.410867
3512.56,0
3795.94,0.410867
3551.85,0.410867
3655.43,0.821733
3859.06,1.2326
4439.81,1.64347
3257.25,1.2326
3596.5,2.05433
3363.02,0.410867
3661.56,0.410867
3140.79,0
3889.73,1.2326
3233.25,0.410867
1482.01,0.410867
2528.91,0.821733
2917.06,1.2326
2412.61,0.821733
2399.08,0.821733
2669.57,0.821733
2979.75,1.64347
2785.38,1.2326
2859.93,0.821733
3368.46,1.2326
3214.45,0.821733
3517.15,1.2326
3400.2,1.2326
3431.66,1.64347
3019.35,0.821733
3342.77,0.821733
3025.18,0.821733
2956.22,1.2326
3161.59,1.2326
2904.3,0.821733
2807.37,0.821733
2694.4,0.821733
2822.94,0.821733
3094.48,0.821733
3346.11,0.821733
3038.36,1.2326
3293.44,1.2326
3374.08,1.2326
3085.18,1.64347
3010.07,0.821733
2924.21,1.2326
2956.62,0.821733
3047.9,1.2326
3292.33,1.2326
3494.05,1.2326
3207.38,1.2326
3375.2,1.2326
3328.34,0.821733
3477.32,1.2326
3235.44,1.2326
3157.9,1.64347
3479.93,2.05433
4086.39,2.4652
2990.36,2.05433
3467.73,2.87607
3235.72,1.2326
3711.91,1.2326
3007.94,0.821733
3664.3,2.05433
2929.06,1.2326
2510.18,0.410867
3006.4,0.821733
2313.86,0.410867
2230.53,0.410867
2724.04,0.410867
3095.81,1.2326
2839.22,0.821733
2766.05,0.410867
3350.95,0.821733
3226.3,0.410867
3488.08,0.821733
3383.56,0.821733
3442.22,1.2326
2963.22,0.410867
3372.52,0.410867
3010.93,0.410867
2832.97,0.821733
3194.57,0.821733
2797.36,0.410867
2627.48,0.410867
2532.13,0.410867
2785.97,0.410867
3129.58,0.410867
3348.35,0.410867
3064.89,0.821733
3243.16,0.821733
3329.44,0.821733
3088.03,1.2326
3064.22,0.410867
2790.31,0.821733
2826.13,0.410867
2959.52,0.821733
3249.31,0.821733
3489.2,0.821733
3222.74,0.821733
3449.68,0.821733
3357.58,0.410867
3540.75,0.821733
3255.74,0.821733
3159.24,1.2326
3549.08,1.64347
4266.1,2.05433
2968.89,1.64347
3537.69,2.4652
3243.28,0.821733
3858.78,0.821733
2985.23,0.410867
3734.2,1.64347
2808.78,0.821733
3057.93,0.410867
2712.95,0
2642.59,0
3062.42,0
3261.99,0.821733
3325.01,0.410867
3145.06,0
3361.33,0.410867
3414.49,0
3398.67,0.410867
3385.14,0.410867
3555.6,0.821733
3364.53,0
3471.91,0
3338.2,0
3293.64,0.410867
3396.37,0.410867
3305.42,0
3348.21,0
3382.04,0
3385.08,0
3565.82,0
3515.33,0
3467.05,0.410867
3534.41,0.410867
3525.7,0.410867
3360.38,0.821733
3283.48,0
3338.38,0.410867
3264.72,0
3381.51,0.410867
3455.12,0.410867
3697.56,0.410867
3570.38,0.410867
3613.32,0.410867
3407.72,0
3486.46,0.410867
3372.74,0.410867
3594.84,0.821733
3792.71,1.2326
4159.28,1.64347
3378.5,1.2326
3702.19,2.05433
3471.14,0.410867
3768.49,0.410867
3264.69,0
3842.84,1.2326
3420.51,0.410867
2349.38,0.410867
2676.77,0.410867
3225.76,0.410867
2940.45,1.2326
2975.24,0.821733
3538.82,0.410867
3733.89,0.821733
3440.55,0.410867
3802.71,0.821733
3674.28,0.821733
3576.97,1.2326
3800.99,0.410867
3737.4,0.410867
3659.2,0.410867
3794.53,0.821733
3763.05,0.821733
3795.67,0.410867
3885.36,0.410867
3760.67,0.410867
3632.22,0.410867
3511.28,0.410867
3744.84,0.410867
3634.69,0.821733
3735.69,0.821733
3797.52,0.821733
3433.82,1.2326
3522.57,0.410867
3659.4,0.821733
3566.05,0.410867
3728.92,0.821733
3905.22,0.821733
3733.4,0.821733
3715,0.821733
3570.72,0.821733
3715.91,0.410867
3616.9,0.821733
3651.36,0.821733
3612.97,1.2326
3721.66,1.64347
4068.8,2.05433
3564.11,1.64347
3877.15,2.4652
3836.34,0.821733
3924.17,0.821733
3616.43,0.410867
3822.41,1.64347
3621.45,0.821733
1638.2,0
2241.57,0
2921.61,0.821733
2639.38,0.410867
2677.96,0
2999.33,0.410867
3037.04,0
3076.55,0.410867
3227.57,0.410867
3272.87,0.821733
3109.27,0
3350.14,0
3088.2,0
3015.01,0.410867
3223.22,0.410867
3035.91,0
3001.35,0
2937.39,0
2902,0
3267.04,0
3368.93,0
3174.99,0.410867
3209.09,0.410867
3304.4,0.410867
3117.28,0.821733
3099.85,0
2917.81,0.410867
2895.41,0
3059.28,0.410867
3205.57,0.410867
3454.5,0.410867
3208.21,0.410867
3488.29,0.410867
3342.59,0
3460.99,0.410867
3318.14,0.410867
3366.23,0.821733
3591.93,1.2326
4221.67,1.64347
3026.88,1.2326
3564.98,2.05433
3264.63,0.410867
3743.52,0.410867
3003.21,0
3701.7,1.2326
3063.07,0.410867
2031.22,0
2912.19,0.821733
2782.38,0.410867
2839.05,0
3246.23,0.410867
3077.02,0
3171.75,0.410867
3246.75,0.410867
3229.28,0.821733
3108.76,0
3328.05,0
3035.4,0
2916.61,0.410867
3151.36,0.410867
2973.62,0
2912.73,0
2904.38,0
2866.52,0
3193.57,0
3337.49,0
3082.4,0.410867
3238.62,0.410867
3348.93,0.410867
3108.99,0.821733
3101.27,0
2942.33,0.410867
2932.99,0
3111.51,0.410867
3299.67,0.410867
3538.3,0.410867
3290.81,0.410867
3490.83,0.410867
3304.7,0
3492.44,0.410867
3273.06,0.410867
3328.12,0.821733
3578.69,1.2326
4234.96,1.64347
3079.96,1.2326
3558.23,2.05433
3208.26,0.410867
3724.01,0.410867
3019.29,0
3762.38,1.2326
3055.39,0.410867
2982.22,0.821733
2485.25,0.410867
2638.65,0
3024.65,0.410867
3231.81,0
2915.87,0.410867
3103.9,0.410867
3360.46,0.821733
2988.26,0
3422.57,0
3002.9,0
2988.69,0.410867
3162.79,0.410867
3043,0
2981.66,0
2966.46,0
2911.24,0
3385.63,0
3375.58,0
3159.29,0.410867
3290.85,0.410867
3388.33,0.410867
3339.98,0.821733
3203.58,0
3115.09,0.410867
3029.36,0
3129.62,0.410867
3229.03,0.410867
3592.16,0.410867
3318.93,0.410867
3657.23,0.410867
3356.22,0
3610.58,0.410867
3403.08,0.410867
3563.04,0.821733
3779.37,1.2326
4294.32,1.64347
3121.98,1.2326
3581.66,2.05433
3259.43,0.410867
3797.32,0.410867
3089.01,0
3959.24,1.2326
3214.36,0.410867
2184.74,0.410867
2931.57,0.821733
3574.58,1.2326
3192.49,0.821733
3576.23,1.2326
3460.32,1.2326
3340.73,1.64347
3325.3,0.821733
3250.82,0.821733
3267.03,0.821733
3429.02,1.2326
3400.56,1.2326
3436.28,0.821733
3593.62,0.821733
3521.65,0.821733
3438.14,0.821733
3245.25,0.821733
3535.65,0.821733
3461.87,1.2326
3615.75,1.2326
3582.65,1.2326
3405.09,1.64347
3461.1,0.821733
3599.18,1.2326
3538.4,0.821733
3559.25,1.2326
3726.76,1.2326
3566.96,1.2326
3507.34,1.2326
3551.64,1.2326
3693.17,0.821733
3623.48,1.2326
3532,1.2326
3437.67,1.64347
3604.43,2.05433
3985.7,2.4652
3407.86,2.05433
3661.18,2.87607
3587.17,1.2326
3729.81,1.2326
3337.82,0.821733
3679.31,2.05433
3394.28,1.2326
2043.32,0.410867
3142.38,0.821733
3115.56,0.410867
3250.74,0.821733
3145.43,0.821733
3297.15,1.2326
2983.44,0.410867
3096.84,0.410867
2984.2,0.410867
3057,0.821733
3206.65,0.821733
3108.25,0.410867
3138.47,0.410867
2949.48,0.410867
2960.72,0.410867
2988.98,0.410867
3324.9,0.410867
3190.49,0.821733
3339.64,0.821733
3402.33,0.821733
3203.5,1.2326
3169.27,0.410867
3162.12,0.821733
3101.68,0.410867
3192.6,0.821733
3403.08,0.821733
3506.13,0.821733
3306.64,0.821733
3412.71,0.821733
3532.38,0.410867
3587.19,0.821733
3463.36,0.821733
3281.66,1.2326
3579.45,1.64347
4139.73,2.05433
3224.23,1.64347
3535.39,2.4652
3411.15,0.821733
3738.29,0.821733
3060.14,0.410867
3691.46,1.64347
2988.38,0.821733
2574.8,0.410867
3014.7,0
2747.81,0.410867
2794.38,0.410867
3219.4,0.821733
2756.66,0
3086.36,0
2785.28,0
2722.3,0.410867
3096.81,0.410867
2852.56,0
2797.03,0
2679.14,0
2723.13,0
3043.96,0
3229.89,0
3036.32,0.410867
3175.36,0.410867
3241.43,0.410867
3156.84,0.821733
3098.88,0
2909.79,0.410867
2907.49,0
2967.76,0.410867
3117.83,0.410867
3483.21,0.410867
3172.28,0.410867
3524.1,0.410867
3395.17,0
3668.73,0.410867
3409.88,0.410867
3317.74,0.821733
3649.22,1.2326
4346.22,1.64347
3051.18,1.2326
3559.42,2.05433
3337.57,0.410867
3745.63,0.410867
2904.55,0
3733.89,1.2326
2848.57,0.410867
2883.09,0.410867
2874.66,0.821733
3001.92,0.821733
3404.76,1.2326
3204.76,0.410867
3248.75,0.410867
3050.68,0.410867
3070.72,0.821733
3335.66,0.821733
3219.91,0.410867
3326.02,0.410867
3291.8,0.410867
3155.46,0.410867
3427.04,0.410867
3386.11,0.410867
3287.65,0.821733
3405.96,0.821733
3495.22,0.821733
3552.8,1.2326
3430.83,0.410867
3371.84,0.821733
3405.92,0.410867
3346.02,0.821733
3351.94,0.821733
3743.8,0.821733
3490.58,0.821733
3918.42,0.821733
3676.52,0.410867
3940.48,0.821733
3698.92,0.821733
3849.52,1.2326
3955.41,1.64347
4438.97,2.05433
3347.63,1.64347
3799.13,2.4652
3643.01,0.821733
3919,0.821733
3313.86,0.410867
3982.31,1.64347
3439.12,0.821733
2670.26,0.410867
2808.82,0.410867
2822.07,0.821733
2761.72,0
2789.52,0
3125.97,0
3171,0.410867
3301.35,0.410867
3177.39,0
3228.35,0
3209.79,0
3105.37,0
3245.3,0
3322.66,0
3254.5,0.410867
3390.31,0.410867
3517.93,0.410867
3422.21,0.821733
3462.06,0
3427.25,0.410867
3491.09,0
3396.99,0.410867
3525.16,0.410867
3543.99,0.410867
3387.85,0.410867
3696.71,0.410867
3657.17,0
3798.08,0.410867
3619.66,0.410867
3575.25,0.821733
3720.67,1.2326
4254.75,1.64347
3395.98,1.2326
3779.88,2.05433
3655.93,0.410867
3896.24,0.410867
3286.78,0
3779.42,1.2326
3286.51,0.410867
2225.25,0.821733
3198.56,1.2326
3039.81,0.410867
3129.68,0.410867
3236.93,0.410867
3033.02,0.821733
3376.79,0.821733
3369.59,0.410867
3471.74,0.410867
3437.54,0.410867
3240.24,0.410867
3726.94,0.410867
3466.67,0.410867
3406.51,0.821733
3500.87,0.821733
3558.77,0.821733
3715.2,1.2326
3576.37,0.410867
3541.89,0.821733
3440.85,0.410867
3364.45,0.821733
3388.14,0.821733
3842.83,0.821733
3543.9,0.821733
4001.23,0.821733
3628.54,0.410867
3916.58,0.821733
3904.05,0.821733
4063.7,1.2326
4130.02,1.64347
4525.77,2.05433
3443.05,1.64347
3913.43,2.4652
3646.25,0.821733
4027.27,0.821733
3366.66,0.410867
4139.28,1.64347
3592.55,0.821733
2823.6,1.2326
2940.32,0.410867
2571.42,0.410867
3030.62,0.410867
2902.94,0.821733
3157.36,0.821733
3185.21,0.410867
3440.78,0.410867
3351.65,0.410867
3169.95,0.410867
3408.14,0.410867
3265.02,0.410867
3209.99,0.821733
3388.42,0.821733
3504.68,0.821733
3378.72,1.2326
3314.98,0.410867
3387.63,0.821733
3230.7,0.410867
3259.06,0.821733
3387.5,0.821733
3677.56,0.821733
3417.99,0.821733
3667.45,0.821733
3459.14,0.410867
3630.6,0.821733
3692.53,0.821733
3795.89,1.2326
3833.61,1.64347
4269.88,2.05433
3342.46,1.64347
3792.79,2.4652
3546.24,0.821733
3846.93,0.821733
3255.38,0.410867
3959.46,1.64347
3454.9,0.821733
2991.17,0.821733
2815.44,0.821733
3008.45,0.821733
3126.03,1.2326
3100.53,1.2326
3004.46,0.821733
3318.3,0.821733
3386.37,0.821733
3356.9,0.821733
3373.6,0.821733
3276.61,0.821733
3224.16,1.2326
3328.77,1.2326
3417.73,1.2326
3348.99,1.64347
3378.75,0.821733
3479.27,1.2326
3395.93,0.821733
3357.47,1.2326
3521.35,1.2326
3568.52,1.2326
3523.76,1.2326
3592.64,1.2326
3522.69,0.821733
3586.2,1.2326
3581.41,1.2326
3558.67,1.64347
3665.98,2.05433
4186.15,2.4652
3429.24,2.05433
3772.08,2.87607
3722.09,1.2326
3869.48,1.2326
3326.27,0.821733
3893.15,2.05433
3482.79,1.2326
2482.52,0
2916.11,0
2735.06,0.410867
3033.07,0.410867
2714.73,0
2755.56,0
2668.18,0
2933.69,0
3272.77,0
3236.49,0
3123.34,0.410867
3266.41,0.410867
3361.59,0.410867
3375.4,0.821733
3266.89,0
3151.94,0.410867
3181.5,0
3089,0.410867
3228.5,0.410867
3587.74,0.410867
3291.16,0.410867
3612.78,0.410867
3507.12,0
3761,0.410867
3438.45,0.410867
3526.11,0.821733
3764.08,1.2326
4308.33,1.64347
3189.83,1.2326
3564.44,2.05433
3432.77,0.410867
3866.04,0.410867
3107.67,0
3832.26,1.2326
2988.57,0.410867
2772.88,0
3003.92,0.410867
3139.69,0.410867
3107.85,0
3396.18,0
3325.96,0
3224.17,0
3196.68,0
3371.71,0
3311.04,0.410867
3512.38,0.410867
3570.28,0.410867
3407.06,0.821733
3396.03,0
3476.28,0.410867
3397.82,0
3398.72,0.410867
3579.8,0.410867
3751.96,0.410867
3525.72,0.410867
3615.02,0.410867
3618.06,0
3707.78,0.410867
3588.1,0.410867
3613.77,0.821733
3794.15,1.2326
4234.62,1.64347
3435.65,1.2326
3719.22,2.05433
3612.31,0.410867
3742.51,0.410867
3263.71,0
3835.36,1.2326
3361.97,0.410867
2185.63,0.410867
2677.21,0.410867
2610.64,0
2755.16,0
2748.72,0
2892.61,0
2920.54,0
2913.84,0
2711.66,0.410867
3210.56,0.410867
3228.95,0.410867
3152.84,0.821733
3083.66,0
3125.42,0.410867
3095.76,0
3058.84,0.410867
3202.23,0.410867
3501.51,0.410867
3265.1,0.410867
3458.45,0.410867
3370.08,0
3586.03,0.410867
3370.83,0.410867
3432.17,0.821733
3674.31,1.2326
4188.36,1.64347
3171.57,1.2326
3531.99,2.05433
3429.39,0.410867
3835.3,0.410867
3097.03,0
3850.01,1.2326
3118.35,0.410867
2515.2,0.821733
2324.72,0.410867
2417.04,0.410867
2541.52,0.410867
2884.37,0.410867
3103.25,0.410867
3111.5,0.410867
2962.33,0.821733
3224.49,0.821733
3226.29,0.821733
3264.04,1.2326
3225.43,0.410867
2894.32,0.821733
2964.54,0.410867
2861.37,0.821733
3053.77,0.821733
3489.01,0.821733
3214.79,0.821733
3542,0.821733
3345.04,0.410867
3640.15,0.821733
3386.58,0.821733
3456.81,1.2326
3714.68,1.64347
4417.61,2.05433
3080.7,1.64347
3572.5,2.4652
3394.21,0.821733
3890.64,0.821733
3024.43,0.410867
3797.02,1.64347
2903.87,0.821733
1929.25,0.410867
2552.47,0.410867
2868.97,0.410867
3182.22,0.410867
3143.88,0.410867
2984.52,0.410867
2859.86,0.821733
3185.04,0.821733
3174.8,0.821733
3248.53,1.2326
3166.68,0.410867
3412.2,0.821733
3296.82,0.410867
3195.69,0.821733
3379.27,0.821733
3664.64,0.821733
3424.51,0.821733
3521.11,0.821733
3390.75,0.410867
3603.34,0.821733
3540.61,0.821733
3571.1,1.2326
3776.08,1.64347
4204.41,2.05433
3339.93,1.64347
3590.15,2.4652
3403.02,0.821733
3705.88,0.821733
3202.68,0.410867
3827.31,1.64347
3257.24,0.821733
1572.89,0
2178.01,0
2738.3,0
2881.49,0
2922.25,0
2701.65,0.410867
2950.05,0.410867
3079.89,0.410867
3054.43,0.821733
3034.68,0
2967.33,0.410867
3023.27,0
2861.74,0.410867
3156.48,0.410867
3474.83,0.410867
3227.26,0.410867
3540.73,0.410867
3407.06,0
3727.11,0.410867
3479.13,0.410867
3359.32,0.821733
3755.62,1.2326
4433.72,1.64347
3146.57,1.2326
3621.91,2.05433
3418.2,0.410867
3788.18,0.410867
3062.59,0
3790.38,1.2326
2831.95,0.410867
1989.16,0
2510.14,0
3050.27,0
3094.76,0
2856.87,0.410867
3197.6,0.410867
3135.48,0.410867
3207.33,0.821733
3136.48,0
2764.49,0.410867
2932.13,0
2763.45,0.410867
3011.97,0.410867
3511.14,0.410867
3261.66,0.410867
3705.01,0.410867
3466.41,0
3839.79,0.410867
3475.42,0.410867
3409.93,0.821733
3825.38,1.2326
4578.36,1.64347
3074.76,1.2326
3655.94,2.05433
3491.02,0.410867
3960.78,0.410867
3119.8,0
3856.28,1.2326
2695.47,0.410867
2202.74,0
2624.75,0
3100.2,0
2846.83,0.410867
2875.92,0.410867
3235.95,0.410867
3232.45,0.821733
3063.26,0
2714.08,0.410867
2778.99,0
2739.3,0.410867
3054.69,0.410867
3537.07,0.410867
3124.71,0.410867
3517.23,0.410867
3460.78,0
3798.77,0.410867
3368.88,0.410867
3226.3,0.821733
3763.32,1.2326
4567.9,1.64347
3103.81,1.2326
3634.2,2.05433
3455.42,0.410867
3958.38,0.410867
3045.71,0
3799.98,1.2326
2578.55,0.410867
2320.26,0
2889.47,0
2476.51,0.410867
2777.84,0.410867
3105.44,0.410867
2940.05,0.821733
2903.93,0
2760.27,0.410867
2967.39,0
2912.17,0.410867
3138.74,0.410867
3467.53,0.410867
3192.91,0.410867
3565.5,0.410867
3358.52,0
3662.4,0.410867
3391.94,0.410867
3339.3,0.821733
3592.7,1.2326
4215.95,1.64347
2931.42,1.2326
3474.9,2.05433
3250.59,0.410867
3754.13,0.410867
2931.29,0
3666.9,1.2326
2779.27,0.410867
2770.78,0
2618.47,0.410867
2976.95,0.410867
3310.64,0.410867
3115.46,0.821733
3070.88,0
3257.88,0.410867
3262.03,0
3259.28,0.410867
3579.55,0.410867
3466.74,0.410867
3302.6,0.410867
3291.93,0.410867
3522.6,0
3620.06,0.410867
3426.21,0.410867
3144.81,0.821733
3462.75,1.2326
4006.12,1.64347
3247.65,1.2326
3539.46,2.05433
3382.38,0.410867
3626.87,0.410867
3148.38,0
3552.75,1.2326
3070.78,0.410867
1682.4,0.410867
2800.7,0.410867
3108.39,0.410867
3296.55,0.821733
3058.58,0
3482.25,0.410867
3177.48,0
3163.08,0.410867
3410.28,0.410867
3482.99,0.410867
3398.75,0.410867
3364.68,0.410867
3326.82,0
3509.33,0.410867
3583.16,0.410867
3612.31,0.821733
3709.94,1.2326
4092.19,1.64347
3302.37,1.2326
3610.83,2.05433
3461.87,0.410867
3685.16,0.410867
3185.78,0
3789.14,1.2326
3330.88,0.410867
2724.13,0.821733
3062.71,0.821733
3026.12,1.2326
2890.16,0.410867
3340.49,0.821733
3094.83,0.410867
3127.97,0
3406.29,0.821733
3493.91,0.821733
3315.49,0.821733
3332.6,0.821733
3354.54,0.410867
3566.26,0.821733
3447.02,0.821733
3431.32,1.2326
3589.93,1.64347
4072.43,2.05433
3143.71,1.64347
3503.8,2.4652
3295.19,0.821733
3672.27,0.821733
3104.42,0.410867
3794.63,1.64347
3158.05,0.821733
2469.52,0.821733
2889.08,1.2326
3080.79,0.410867
3254.91,0.821733
3057.1,0.410867
3201.34,0.821733
3378.18,0.821733
3061.71,0.821733
3252.17,0.821733
3385.96,0.821733
3321.23,0.410867
3309.08,0.821733
3316.84,0.821733
3232.38,1.2326
3515.98,1.64347
4055.06,2.05433
3241.54,1.64347
3660.06,2.4652
3479.13,0.821733
3729.73,0.821733
3148.75,0.410867
3787.81,1.64347
3227,0.821733
2722.71,1.2326
2885.55,0.410867
3020.29,0.821733
3120.13,0.410867
3206.25,0.821733
3230.66,0.821733
3100.12,0.821733
3275.13,0.821733
3338.93,0.821733
3305.38,0.410867
3421.59,0.821733
3405.72,0.821733
3362.46,1.2326
3542.31,1.64347
4059.67,2.05433
3285.87,1.64347
3589.17,2.4652
3554.73,0.821733
3752.16,0.821733
3288.19,0.410867
3716.82,1.64347
3286.76,0.821733
2324.43,0.821733
2647.85,1.2326
2893.17,0.821733
3098.97,1.2326
3216.22,1.2326
3068.48,0.410867
3467.08,1.2326
3403.08,1.2326
3492.13,0.821733
3308.95,1.2326
3349.58,1.2326
3164.13,1.64347
3300.61,2.05433
3965.74,2.4652
3276.14,2.05433
3543.39,2.87607
3449.54,1.2326
3690.43,1.2326
3345.72,0.821733
3703.3,2.05433
3154.53,1.2326
2263.18,0.410867
2444.54,0
2806.99,0.410867
2888.43,0.410867
3292.23,0.410867
3372.86,0.410867
3206.95,0.410867
3376.6,0
3303.22,0.410867
3228.25,0.410867
3269.62,0.821733
3366.63,1.2326
4063.8,1.64347
3264.23,1.2326
3591.36,2.05433
3390.63,0.410867
3675.03,0.410867
3301.53,0
3753.57,1.2326
3117.85,0.410867
2305.43,0.410867
2529.31,0.821733
2798.52,0.821733
3365.7,0.821733
3247.35,0.821733
3384.73,0.821733
3363.84,0.410867
3507.9,0.821733
3324.31,0.821733
3178.64,1.2326
3642.88,1.64347
4444.38,2.05433
3131.29,1.64347
3640.52,2.4652
3568.9,0.821733
4013.22,0.821733
3301.54,0.410867
3761.65,1.64347
2848.63,0.821733
1986.2,0.410867
2373.53,0.410867
3284.57,0.410867
3073.6,0.410867
3212.99,0.410867
3027.3,0
3195.3,0.410867
3175.36,0.410867
3159.44,0.821733
3531.19,1.2326
4313.96,1.64347
3143.81,1.2326
3627.6,2.05433
3454,0.410867
3872.88,0.410867
3200.64,0
3813.16,1.2326
2945.55,0.410867
2166.34,0.821733
3284.15,0.821733
3009.49,0.821733
3359.82,0.821733
2982.88,0.410867
3336.22,0.821733
3448.09,0.821733
3442.23,1.2326
3833.34,1.64347
4357.84,2.05433
3158.61,1.64347
3665.19,2.4652
3574.58,0.821733
3923.73,0.821733
3316.62,0.410867
3831.04,1.64347
2998.99,0.821733
3187.94,0.821733
3179.72,0.821733
3650.37,0.821733
3206.1,0.410867
3487.13,0.821733
3377.04,0.821733
3651.22,1.2326
3815.98,1.64347
4371.93,2.05433
3284.76,1.64347
3798.47,2.4652
3594.76,0.821733
4016.75,0.821733
3294.75,0.410867
3815.72,1.64347
3159.12,0.821733
2460.25,0.821733
3108.22,0.821733
3337.51,0.410867
3324.06,0.821733
3269.51,0.821733
3266.14,1.2326
3338,1.64347
3750.81,2.05433
3436.85,1.64347
3658.08,2.4652
3696.06,0.821733
3967.41,0.821733
3456.32,0.410867
3692.74,1.64347
3448.06,0.821733
2594.43,0.821733
3015.85,0.410867
3422.55,0.821733
3348.84,0.821733
3523.09,1.2326
3468.78,1.64347
3992.9,2.05433
3169.37,1.64347
3461.88,2.4652
3468.36,0.821733
3884.78,0.821733
3303.78,0.410867
3703.39,1.64347
3205.43,0.821733
2787.04,0.410867
2859.49,0.821733
3405.87,0.821733
3169.14,1.2326
3447.4,1.64347
3730.88,2.05433
3347.8,1.64347
3243.44,2.4652
3532.09,0.821733
3697.88,0.821733
3441.91,0.410867
3677.88,1.64347
3373.14,0.821733
2239.98,0.410867
3385.46,0.410867
3356.46,0.821733
3590.42,1.2326
3732.46,1.64347
3020.51,1.2326
3260.35,2.05433
3427.3,0.410867
3566.4,0.410867
3258.59,0
3720.8,1.2326
3296.81,0.410867
3251.46,0.821733
3292.48,1.2326
3348.4,1.64347
3503.7,1.2326
3346.43,1.64347
3413.13,2.4652
3544.25,0.821733
3663.48,0.821733
3426.42,0.410867
3730.46,1.64347
3463.54,0.821733
2700.04,1.2326
2898.67,1.64347
3676.27,2.05433
3315.84,1.64347
3583.72,2.4652
3262.66,0.821733
3688.72,0.821733
3072.77,0.410867
3490.24,1.64347
3313.04,0.821733
2860.55,1.2326
3763.58,2.4652
3281.43,1.2326
3558.88,2.87607
3482.33,1.2326
3690.08,1.2326
3278.94,0.821733
3583.51,2.05433
3029.6,1.2326
3390.99,2.87607
3275.22,1.64347
3419.52,3.28693
3180.47,0.821733
3414.02,1.64347
3245.19,1.2326
3409.17,2.4652
3416.66,1.64347
3464.17,2.05433
3355.13,2.87607
3807.22,2.05433
3766.46,2.05433
4003.41,1.64347
4047.87,2.87607
4213.74,2.05433
2640.9,1.64347
3008.34,1.64347
3266.19,1.64347
2781.84,1.2326
3386.52,2.4652
2966.91,1.64347
2976.43,2.4652
3361.3,2.4652
3278.38,2.05433
3510.17,3.28693
3243.25,2.4652
2773.56,0.821733
2544.83,0.410867
3367.56,1.64347
3140.48,0.821733
2949.22,0.410867
3045.11,1.64347
3513.82,0.821733
2795.25,1.2326
2820.09,0.410867
2895.81,1.64347
