32216.2,887.133
33305.5,897.689
33430.1,979.203
33978.3,981.001
33630.1,995.014
33244.7,961.49
33318.8,900.802
33426.6,978.16
33236.2,942.959
34049.2,994.32
33088.4,898.902
32599.2,929.758
32996.8,938.732
34631.8,999.959
32769.9,894.915
32266,916.562
33193.4,936.67
32672,916.232
33084.7,961.887
32437,927.917
33565.9,976.86
32435.9,961.175
32794.6,908.821
32198.3,896.504
33740.5,988.163
35158.5,978.437
31658.9,860.339
32957.8,909.618
32200.8,880.349
32344.4,917.761
31680.4,876.064
31959.1,910.866
34291.3,972.847
32883.3,948.279
32546.2,943.684
32112.1,932.736
32476.5,903.17
32784,931.66
34683.4,1003.8
32970.7,982.22
33916.1,989.319
32393.6,942.566
32953.3,960.021
32261.5,941.621
32838.5,970.178
33694,954.462
32610.1,947.9
32117.3,861.386
32982.3,966.663
33249.9,941.373
32501.1,940.372
32367.7,901.596
34668.2,954.863
32856.8,950.847
34157.7,970.323
33493,942.713
33397.5,929.314
32586.6,918.59
31997.9,875.657
33997.5,1021.03
33186,999.492
32128.4,898.457
33214.2,985.337
32850.8,939.882
33599.4,977.468
32036.9,951.482
31848.7,902.673
32142.7,890.434
32211.6,961.795
32045.2,950.386
33541.5,974.555
32304.6,875.658
33366.6,933.598
33136.6,949.693
32160.3,923.864
33277.8,974.783
31108.8,871.661
32439.8,884.244
33395.5,928.817
33393.3,921.803
32663.8,912.472
32914.3,926.666
32178.5,938.486
32175.2,936
32876.9,974.293
33311.2,971.219
33070.3,931.864
33113.5,906.141
32367.9,920.858
33401,980.584
33727.6,948.971
33934.5,998.593
32028.6,935.465
31797.6,897.735
32474.1,913.124
33102.8,916.01
32384.3,925.968
35607.9,986.821
33679,955.974
31582.1,812.812
33133.3,912.008
32529.1,909.109
32286.2,905.987
32555.2,895.717
32333.2,836.605
33292.5,902.552
32509.1,863.161
32909.2,933.279
31680,822.724
30842,860.87
30535.4,849.342
32814.8,928.258
30895.3,829.126
31542.6,849.638
32606.5,883.554
31968.8,836.636
31739.7,896.578
31997.1,873.914
32515.2,907.533
31577.1,893.435
31854.9,840.806
30938.1,819.097
33957.7,925.887
33528.3,913.968
30603.2,788.428
31757.2,840.486
29995.5,806.249
30824.3,837.523
30639.5,824.043
30449.9,832.371
33648.8,886.346
32330.2,875.952
31569.3,860.388
31333.6,872.685
31683.7,835.759
32506.8,873.302
33702.5,929.336
32128.4,917.473
33176.7,921.227
31639.7,872.779
31235.2,893.01
31054,859.609
32596,893.879
32013.7,875.234
32654.9,880.653
31160.1,789.129
31602.9,897.921
32919.6,881.333
31633.9,870.357
31052.4,828.672
33829.3,909.158
31644.6,875.263
33109.9,901.672
31857.4,869.096
33142,875.78
32128,866.436
30882.1,814.735
33284.8,945.998
32406.1,929.871
31126.7,848.189
32799.1,912.423
31690.5,866.971
33410.2,898.142
31443.8,870.441
30618.7,829.136
31009.4,814.334
31486.9,889.078
32024.4,878.138
32781.8,894.643
30799.6,798.12
32022.9,889.571
31434.1,867.695
31469.2,857.696
32253.5,904.434
30105,810.651
31694.2,811.849
32249.5,883.668
32196.4,859.542
31799.3,842.902
32281.8,863.489
30851.9,861.883
31488.6,864.018
33060,917.293
32161.8,893.711
32344.9,852.657
32101.9,833.884
30687,840.215
32585.9,888.87
32370.2,880.311
32689.9,929.299
31971.7,863.07
30702.8,815.92
30565.1,839.98
31837.7,833.198
31771.8,869.285
34685.9,895.273
33141.4,896.313
32971.3,894.044
33651.8,912.865
32390.6,916.623
33338.2,888.558
32187.5,836.557
33661.9,916.136
33477.1,866.798
33393.6,926.523
31387.9,821.442
32731.8,853.396
33109.3,883.986
34102,932.336
31497,846.652
32458.6,846.271
32210.8,876.957
31445.1,849.761
31489.3,891.763
32524.3,863.293
32905.6,907.798
32523.6,896.844
33160.2,848.019
30964.2,824.443
35315.8,928.794
33964.1,912.459
31523.3,760.279
33471.6,844.338
31391,811.327
31128.8,849.095
31422.9,813.276
31630.8,844.266
35374.6,902.793
33219.8,870.461
32276.6,857.03
32654.7,868.042
33089.6,832.866
32703.7,867.261
33358.8,918.917
33405.9,917.243
34377,917.784
31862.6,873.112
31961.4,879.951
32662.8,858.082
33390.6,900.91
34449.2,874.885
33368.1,884.277
32529.7,787.043
33341.1,896.167
33911.1,882.503
33343,865.378
31846.5,835.576
34600.5,907.692
32826.8,883.729
33612.7,901.236
32925,874.306
33263.5,871.071
32216.4,861.159
32103.2,824.328
33963.6,942.595
32746.4,928.913
32351.7,840.541
33114.5,913.703
32426.4,873.389
34274,911.895
32371.8,870.457
31629.2,825.856
32674.5,823.702
32596.1,897.033
32606.2,886.387
33678.9,896.12
31667.6,801.924
33887.6,896.756
32870.8,883.316
32933.5,852.957
33668.8,906.861
31293.3,810.24
32424.8,787.571
33079.7,877.047
33365.7,859.875
32253.3,828.799
33451.6,866.132
32334.7,871.609
32788.8,864.351
33356.6,920.418
33213.5,898.291
32303.2,865.33
32362.8,827.805
31682.6,840.253
32517.3,903.908
32384.9,883.435
33186.9,925.885
32566.3,863.404
31774.3,825.259
32053.1,845.269
33346.2,852.756
32906.3,869.058
34531.8,898.692
32543.5,887.942
33467.9,995.334
33661.4,989.609
32594.4,963.16
33629.7,925.197
34026.3,1002.24
33506.8,955.676
33956,1011.38
32606.9,910.526
33139.4,947.985
33165.6,965.273
34329.4,1019.04
33300.2,929.647
33149,934.932
33913.8,967.03
32957,930.627
32501.8,959.092
33224.4,956.179
34080.7,987.555
33256.3,980.035
33361.6,938.252
33119.7,909.166
34663.3,1004.47
35117.9,1007.96
32364.1,857.688
33486.3,931.326
32030.8,895.933
33330.5,926.632
32913,900.298
32774.2,920.79
34069.4,990.99
33258.3,967.722
33251.7,950.891
32264.3,959.8
33603.2,915.939
32852.7,946.243
34156.7,997.989
33590.8,999.042
34048,1006.35
32396,937.372
33324.3,970.699
32415.4,957.534
33868.6,989.588
33271.6,944.707
33503.7,959.054
32286,876.244
33151.6,973.928
33778.1,974.093
32703,951.617
32932.4,922.357
34661.8,985.186
33351.3,967.322
33560.9,987.583
33949.5,946.471
33664.6,960.398
32960.5,948.183
32273.9,906.934
34241.2,1022.25
33151.5,1017.35
32402.5,935.446
33377.4,1002.51
32449.5,960.17
33556.4,995.333
33079.4,968.217
32468.6,913.397
32297.7,910.484
32615.9,973.284
33129.5,972.893
33709,983.668
32655.1,893.335
33698.8,985.421
33823.6,969.686
33187.6,949.413
33304.4,991.064
31717.9,901.141
31977.2,886.136
33737.8,958.934
33473.5,938.839
33418.7,928.071
33119,942.222
32383.4,958.391
32296.8,945.908
32432.4,1006.49
33868.3,989.875
34201.1,954.982
33355.5,916.072
32519.9,935.852
33728.6,992.52
32956.2,962.135
33162.5,1011.51
32414.4,932.691
31767.4,903.52
32777.6,933.133
32987.5,946.737
32239.4,949.195
34613.2,996.488
33691.3,978.035
33519.1,1002.32
34264.8,968.04
33049.8,925.653
34619.1,988.488
33523.8,948.613
34291.5,1020.99
33557,907.678
33316.2,948.441
32800.4,947.138
34243.6,1018.44
32553.3,918.959
32670.1,932.831
33943.3,952.891
33583,927.073
32587.6,984.634
33147.4,953.638
34053,989.084
33047.1,984.219
33968.3,935.547
33135,908.739
34955.8,1003.2
34480.2,999.562
33373.1,875.998
33584.9,935.715
32261.4,892.746
33295.9,933.908
32806,907.234
32998,929.101
33785.4,990.412
33018.6,956.185
33157.5,947.459
32159.2,956.236
34063.1,923.604
33461.1,957.359
34028.8,1019.32
33376.2,1001.49
34207.4,995.638
33645.6,956.892
33144.1,980.581
33397,955.965
34659.7,985.924
34333,970.953
33927.8,971.515
33398.9,876.699
32954.5,974.649
33709.2,974.067
33625.2,956.572
32994.2,918.82
35002.8,984.039
33754.3,972.799
33494.5,997.025
33546.5,961.543
34984.4,964.339
33731.6,936.483
32930,890.399
34392.8,1036.21
33831,1017.65
32690.4,928.835
33419.3,1002.21
33404.9,952.833
34182.9,990.074
33458,966.015
32527.7,932.138
32651,875.187
32911.6,982.531
33426.6,970.303
34726.8,987.426
32619.6,883.023
33239.4,979.519
33436.9,965.12
33710.1,949.869
33734,995.299
32729.7,901.597
33082.9,893.893
33401.2,962.038
32394.8,924.518
32661.6,918.236
33821.6,947.416
33152.8,955.212
32498.8,948.522
33846.4,1000.36
34380.3,990.846
33593.6,954.257
33668.2,918.455
32582.5,928.313
33514.2,986.679
33016.9,969.349
34091.2,1018.23
33338.9,946.576
32943.2,910.534
32636.7,919.053
33450.6,945.048
32833,957.675
35009.1,998.374
33774.6,981.781
33762,992.381
33856.5,931.886
34693.7,1007.82
34937.1,968.222
33807.4,1019.69
33240.7,930.846
32728.9,954.593
32770.6,981.31
33857.1,1013.54
32871.4,943.977
32947.7,945.369
33201.7,978.163
33069.6,946.244
33274.4,977.69
33421.1,961.348
33587.4,994.723
32098.9,989.606
33621,944.122
32212.1,919.491
35446.8,1027.69
35342.9,1015.52
32026.3,860.007
34553.6,920.609
32671,908.934
31573.6,936.282
32311.4,919.685
31723.2,943.563
35758.7,1005.21
34063.3,981.424
32557,954.141
33365.6,956.47
32454.5,915.615
33426.4,958.196
33994.7,1024.15
33885,1006.32
34854.1,1014.6
32121.2,959.327
32864.7,975.531
33055.1,969.11
33916.8,1009.27
35420.8,971.943
33649.2,967.826
33241.5,871.512
33578.2,995.579
33849,979.669
33422.1,953.168
32841.3,921.058
34361.7,1009.9
32908.8,982.611
34250.3,999.728
32615.5,971.631
34676.6,971.205
33758.1,935.796
32211.2,908.047
33749.5,1021.18
33567,1025.03
32767.2,943.706
33734.4,1012.37
33149,970.713
34435.2,1005.38
32466.7,946.458
32888.6,935.927
33839.6,917.7
33287.7,986.945
33005.1,983.711
33980,986.375
32899,904.603
33522.7,986.027
32482.2,963.608
33690.4,956.57
33621.9,994.882
31790.6,897.149
33440.3,901.471
33595.7,976.658
33671.1,944.758
32941.6,940.866
34160.3,958.177
33071.3,967.573
32694.5,956.49
34083.2,1013.44
33802.9,996.679
33339.5,969.392
33368.2,931.542
32581.9,941.213
33660.4,999.634
32847.1,975.395
33653.6,1023.36
33185.1,946.022
32330.9,920.335
32927.2,936.002
34242.2,946.766
32264.1,968.874
35024,1012.08
33621.7,994.683
33596.7,911.697
33813.6,987.63
33874.9,940.582
34095,1007.24
32861.1,886.609
33251,931.323
33243.9,953.255
35089.7,1007.27
33172.7,913.242
32827.5,917.597
33648.4,948.694
32715.6,923.043
33484.9,959.679
33110.9,943.869
34622.7,977.193
33179,970.263
32378.4,924.752
32014,885.823
33614.2,995.862
35107.5,976.122
31759.5,850.743
33537.3,921.759
32081.4,868.929
32298.2,897.468
32518,899.803
32651.2,919.043
34758.3,975.188
32845.8,947.714
33226.7,941.807
32384,944.228
32537.9,908.265
33347.3,936.821
34336.1,1003.76
33961.7,995.398
33701.5,994.842
32460.8,939.529
32879.6,956.709
32881.6,940.597
33421.4,978.37
33627.9,957.271
32781.8,940.722
32082.7,848.435
32699.4,959.518
33810.7,961.285
32288.8,936.226
32130.6,900.752
34921.9,985.785
32508.4,955.513
33854.5,980.997
33679.1,942.928
32373.4,922.723
32969.2,942.194
32654.3,892.703
34014.2,1022.25
32125.1,994.568
32533.3,911.673
33873.6,988.9
32662.7,942.088
33555,965.258
33086.9,951.76
32847.5,907.472
33049.6,896.984
32752.9,966.619
32466.6,959.668
33778.6,975.775
32243.3,867.061
34614.5,966.882
33064.6,956.598
32390.2,935.707
33587.2,975.124
31996.8,885.471
32176.4,885.464
33518.1,950.475
34098.5,911.881
32589.7,918.614
33424.3,928.199
32207.8,934.434
32066.9,900.918
32987.4,979.495
33192.4,969.953
33568.2,943.408
33158.2,906.177
32211.6,906.883
34269.4,978.383
33701.2,959.587
33045.6,998.63
31708.2,921.512
31961.5,891.844
32792.9,913.585
32443.5,922.601
32495.5,948.347
35478.7,983.274
33456.1,969.096
33667.4,928.874
33794.2,878.413
31930.9,911.267
31637.2,848.453
32026,859.01
32184.9,896.911
34375.6,945.646
31664.3,855.511
31421.3,860.246
31981.2,887.32
31890,847.277
31803.5,904.253
31888.3,868.991
32171.3,905.059
31594.3,904.067
32814.5,851.13
31812.5,836.745
36540.8,940.305
34092.5,933.623
32331.3,795.521
32184.8,861.266
30743.1,815.03
31820.2,852.115
31352.9,832.243
32044.7,852.048
33247,900.953
32766.1,890.551
32853.7,884.342
32048.7,877.638
33891.9,842.017
32499.3,876.412
33621.2,934.693
32628,934.905
34030.4,925.022
32656.8,880.555
32507.7,902.82
32003.5,868.757
34147.5,924.734
34137.2,891.994
32979.6,894.569
31406.4,799.819
33331.3,903.376
34116,883.331
33877.9,876.623
32267,842.568
33907,923.634
33242.5,898.349
31811.4,901.312
34284.9,887.094
34053.5,879.47
31891.3,863.453
31467.3,837.116
34262.4,957.117
33925.9,944.615
32699,861.452
33303.2,932.872
32705.5,886.177
34666.3,924.683
33028.7,894.223
31457.1,845.747
32264.4,818.704
31722,905.866
32848.8,899.038
33305.1,909.776
31190,823.973
32636,896.256
33015.4,890.268
33376.5,866.879
32985.8,920.918
30490.1,820.11
32221,816.071
32103.2,872.108
32612.4,872.663
32886.5,854.418
33090.8,871.25
32583.5,884.398
32508.4,874.655
33353,931.97
33466,889.801
33309.8,866.343
33058,837.63
30868.3,858.763
32837.1,916.078
31526.8,878.708
32614.4,934.334
32603.1,875.356
31590.7,822.576
32077.3,851.585
32854.9,862.497
32309.9,885.856
34601.2,924.976
32098.2,900.652
34203.4,955.879
33353.5,1005.23
32934.9,911.673
33334.7,947.79
33020.1,960.636
35638.6,1016.16
33085.9,933.262
33012.5,936.674
33649.4,970.035
33146.9,935.444
32527.5,947.584
33654.7,954.234
34193.8,1000.05
32910.1,980.584
33206.2,940.431
33187.4,916.971
36251.1,1022.89
35189.5,1009.26
32942.6,881.288
34035.2,939.535
32537.4,893.151
33355.4,941.623
33724.5,913.433
33152.7,937.747
34659.7,993.027
33468.8,968.912
33954.4,964.218
33544.6,952.751
34600,928.894
33692.8,960.793
34508.7,1025.67
33620.8,987.612
34305.8,1011.24
32682.9,948.724
33485.4,985.802
33115.4,960.736
34686,1000.49
34218.9,964.982
33255.8,964.351
32820.1,869.189
33859.9,977.3
35164.5,969.105
33092,950.872
33173.2,921.007
35334.7,1002.34
34081.9,978.089
33866.7,996.323
35317.8,966.833
33919.2,976.766
33296.6,958.22
32477.9,913.58
34619.8,1036.45
34074.8,1026.78
33340.2,937.537
33537.2,978.109
33700.2,953.924
34566.8,999.79
33605.8,964.278
33524,936.562
33230.5,914.634
32910.4,989.147
33527.8,978.079
33551.9,990.968
32729,878.357
35042.2,982.988
34255.6,975.844
34095.9,939.795
34384.4,998.516
32464.4,899.945
32946.5,900.591
34616.2,976.529
34833,942.562
34384.8,940.939
33212,946.426
33397.4,957.254
33442.6,953.349
33185.9,989.146
34906.4,998.625
33189.4,944.216
34058.7,922.347
32895.2,923.139
34173,983.706
33234.6,971.033
34383.1,1017.14
32759.8,955.104
32614.3,917.995
32771.8,911.706
34025.7,952.206
32303.2,934.192
35273,989.651
33511.7,986.684
34424,972.09
33271.3,867.75
33246.6,902.101
32904.7,925.553
34024.9,975.904
32509.7,882.039
33382.8,895.241
34023.8,927.196
33178.6,895.031
33124.9,937.191
32945.6,913.303
33758.8,950.293
33028.8,942.251
33277.8,896.74
32954,869.713
34602.3,957.054
34329.5,960.449
32554.6,816.01
31882.9,891.217
32607.7,852.032
33266.7,891.438
33652.9,870.156
33120,884.064
33878.4,940.16
32081.4,929.437
32794.8,914.23
31992.1,911.565
33640.1,881.637
33703,917.729
34344.2,979.819
33658.1,960.621
34273.3,962.155
33413.4,911.359
32813.7,932.883
33309.6,907.679
33663.9,951.906
33663.6,926.699
34430.7,929.547
32823.1,834.248
33325.3,943.524
34043.9,933.273
33394.2,908.194
32225.3,876.128
35223.1,948.392
33780.7,914.612
33785.8,955.058
33604.3,919.576
33336.1,925.16
33083.5,910.428
32866.8,866.796
33926.7,970.009
33418.2,979.523
32119.7,882.343
32958.9,965.354
32940.1,911.655
33519.6,956.204
32897.3,923.265
31775.9,891.099
32276.3,849.968
33059.6,940.145
33770,930.387
33755.4,944.892
32403.2,854.505
34232,937.185
34266.1,925.552
32503.5,907.902
33487.3,953.4
31897,839.68
31867.2,847.649
33704.8,902.8
32994.7,889.902
32851.7,893.818
32851.2,878.131
32935.1,909.452
32984.9,897.75
33963.3,949.736
33645.6,948.741
34200.6,913.871
32457.9,864.252
33537.7,892.2
33429.9,941.542
34221.9,931.575
34076.4,949.56
32458.9,903.448
32263.7,851.249
32070,882.541
31988.1,905.225
33417.9,915.995
35988.3,960.029
33651,937.735
32168.3,935.565
32814.9,959.143
33239.6,988.373
34197.7,1035
33002,946.692
32865.5,954.903
32833.3,989.952
32889.1,953.45
32889.2,997.957
33258.6,975.873
33670.6,992.211
32485.1,992.218
33863,945.385
32966.6,922.323
36048.7,1034.83
34718.2,1022.12
33371.5,890.836
33655.8,942.974
32656,911.629
32776.8,957.563
33103.2,914.517
32694.3,952.316
34803.9,1004.43
33913,987.146
33504.6,972.285
33647.1,980.298
33938.8,941.187
33251.6,979.937
34143.5,1040.01
33546.2,1017.14
34096.2,1017.98
33158.9,978.098
33037.7,977.489
33446.8,974.289
34170.9,1020.41
34985.9,987.81
33318.8,964.495
33515.4,891.088
33761.5,999.198
34851.9,986.401
34276.6,979.432
33713.8,931.923
33942.9,1001.23
33408,992.647
33478.2,1010.24
33751.8,967.093
34948.2,986.444
33447,977.38
32805.9,924.812
34441.1,1029.97
34278.1,1027.06
33429.2,952.982
34075.7,1026.14
33427.9,981.856
34904.7,1006.05
33689.7,979.083
32508.1,954.34
33315.7,926.934
33555.9,1003.38
33675,994.854
34018.3,995.139
32685.5,913.157
34222.1,997.986
33377.1,988.557
34270.5,966.776
33631.9,1014.51
32431.7,921.025
33389.5,913.331
33779.7,964.855
33672.1,963.838
34605,953.659
33829.1,973.052
33578.8,972.108
33343.6,961.248
33690.2,999.789
34593.4,1011.73
33631.5,966.956
33967,932.743
32702.9,950.578
33953.3,1003.39
32874.2,979.14
33277.1,1039.02
33489.6,969.948
32953.3,934.141
32732.3,945.828
34037,959.999
32916.9,979.935
35266.4,1015.4
33287.5,998.518
31734.7,868.875
32521.2,894.092
34226,944.024
31123.7,856.139
31532,847.586
31951.5,895.663
31365.1,853.352
31556,903.02
32467.1,874.111
32215.2,917.904
31911.3,905.638
33029.2,860.062
31439.6,829.825
35330.8,940.403
34627.4,927.399
30786.8,770.821
32661.3,852.898
30835.2,822.478
31451.4,856.69
31646.8,822.547
31643.3,856.241
33855.4,915.414
32297.3,888.862
32604.7,867.836
31750.7,881.739
32783.5,811.293
32158.1,875.025
33448.6,944.724
32879.6,910.989
33575.2,927.572
31913.7,875.228
32197.3,901.206
32117.8,878.194
33412.2,908.357
33540.3,873.087
32920.4,894.315
31702.7,796.538
32889.5,907.671
33701.4,898.041
32210.5,877.511
31338,826.223
33835.1,911.67
33032,886.399
31990.6,919.62
33422.7,884.344
33754.2,891.507
31700.3,877.163
31297.2,834.366
33732.2,959.005
32547.5,921.917
31951.2,835.668
32840.7,924.164
32558.5,875.482
33730.9,921.933
32548,886.499
31153,849.394
31948.1,820.025
32720.8,894.924
32302.9,892.672
33108.2,907.049
31203.4,814.176
33370.9,903.665
32346.6,892.802
32794.6,872.669
32641.2,917.823
30598.9,820.477
31064.5,806.103
33514.3,890.453
32593.8,863.052
33215.5,856.082
32354.3,877.619
32243.4,873.935
31683.1,855.755
33267.6,920.392
33217.9,907.483
32470.1,869.442
32340,838.755
31175.3,832.095
32677,911.612
31794.3,893.415
32948.9,931.093
31827.3,865
30891.5,832.995
31195.6,836.924
32314.5,869.716
31839.3,884.966
33985.6,918.927
32141.3,899.68
31407.3,909.713
33291.8,965.125
31493,876.024
31313.3,885.547
32716.2,921.201
31900.8,883.253
32746,931.257
32567.7,896.691
32789.9,939.016
31720.4,925.741
31770.3,887.047
31293.8,860.019
35091.6,960.166
33797.2,950.355
30788.7,815.117
32383.5,867.732
30786.9,845.598
31578.4,880.158
31397,859.16
31286.9,879.8
34093.9,937.033
32831.8,913.359
32635.1,906.431
31704,907.087
32603,861.035
32622.9,888.654
33522.1,952.649
32780.4,955.828
33378.8,957.136
31521.9,904.894
31742.4,924.325
31997.4,898.101
34016.5,947.522
32891.8,911.57
32884.3,915.335
31669.4,821.322
32317.8,922.588
33178.6,916.671
32077.1,905.641
31331.5,871.152
33371.6,940.266
32731.2,917.455
32528.1,926.555
32156.9,900.299
33400.4,919.815
31838,897.576
30080.9,858.44
34026.9,983.018
33191,963.942
31826.7,884.24
33502.6,946.78
32037.8,908.827
33607.9,947.471
32017.8,911.117
31128.5,863.964
31415.6,852.956
31807.2,932.609
32241.3,906.546
33301.8,935.994
31423.2,846.24
33448.9,934.49
31983.4,890.458
32868.2,898.208
32038.7,938.004
30758,849.935
31959.4,843.83
32455.1,897.065
31675.5,877.151
31753.3,881.539
32378.5,900.151
31473.1,902.823
31941.1,889.721
32797,937.773
32649.8,936.291
32411.8,899.835
32689.9,866.883
31150.4,872.911
33214.4,930.605
32512.9,911.882
33201.8,969.085
31715.8,889.081
31120.8,846.599
30957.7,855.819
32520.7,884.543
31520.5,901.966
34882.5,950.198
32864.4,933.484
33333.8,979.383
31983.3,889.425
31863.2,901.493
32683.5,942.038
32520.1,906.663
32562.2,950.217
32174.6,928.419
32258.5,960.325
31410.7,944.717
32169.2,897.145
31657.1,868.44
35293.3,979.242
33981.6,976.873
31432.6,847.119
32608.9,901.984
31283,870.936
30710.3,901.809
31961.6,884.468
30373.5,900.109
34485.9,951.28
33024.5,926.062
33087.4,915.717
32692.1,923.866
32901.9,894.794
32805.3,922.484
33047.8,962.84
32679.6,980.612
34340.8,980.056
32166.2,925.778
31749.6,927.248
31889.1,924.392
33479,950.514
34602.1,942.485
33512.6,941.873
32435.6,834.777
32264,956.474
34635.2,939.357
32973.9,912.031
32206.5,891.016
33027.8,967.454
32374,942.809
32458.6,965.216
32849.5,932.801
33926.9,939.96
32369.5,924.84
31538.5,882.823
33255.6,1002
33102,980.205
31982.4,906.055
32907.6,954.664
32542.4,923.956
33470.1,953.265
32559.7,931.939
32273.7,893.12
32931.1,878.597
32898.2,955.529
32118,936.919
32907,952.228
31813.9,850.58
32800,949.823
32024.3,933.915
32578.4,912.094
32609.1,947.057
31234.8,872.855
32716.9,870.678
32867.1,939.839
32556.9,911.664
33071,904.796
32544.6,926.077
32474.3,918.645
32211.9,909.413
33357.5,979.394
34072.6,950.299
32910.2,930.563
32607.1,874.216
32113.8,897.38
33697.8,958.052
32710.9,944.801
33549.6,992.622
32239.1,921.899
31042.4,878.978
31766.7,905.397
33821.7,914.717
32106,933.561
34451.3,966.951
33062.2,952.876
33253.8,955.011
34127.3,956.039
34406,986.291
34249.3,958.12
33532.2,1002.7
34276.2,969.491
34003.8,1010.78
33075.8,994.767
34349.4,959.83
33444.2,920.274
35312.5,1038.38
34518.7,1003.79
33222.1,878.217
33996.4,944.385
33267,918.229
32948.6,957.454
33750.7,934.88
32838.5,953.372
35908.4,1010.24
34364.4,987.783
33609.2,978.561
34201.5,976.297
34144.1,931.213
34526.3,981.72
34668.1,1015.34
34656.6,1027.27
34312.2,1007.34
34447.6,981.471
33473.3,1001.7
33882.5,978.329
34947,1005.55
34321.8,969.961
34466.9,979.038
34457.6,891.906
32876.7,989.068
34551.3,983.762
34959.4,957.229
32875.4,933.445
34771,1013.5
34118.3,983.138
34658,1018.15
33468.1,979.402
35361.3,992.598
33845.9,971.551
33292.8,925.513
35050.8,1047.35
34265.5,1041.78
33508.1,956.748
34214.7,1027.54
32802.7,971.891
34085.7,1011.68
33954.4,984.021
32839.8,946.821
33700.6,925.49
33851.3,994.748
33303.3,963.2
34325,1000.83
33486.9,920.796
34491.7,998.175
33734.2,985.069
34840.6,961.375
33559.4,1000.98
33386.4,920.299
34257.8,916.626
34102.8,991.811
33104.5,955.153
34397.5,949.976
34231.1,967.22
33579.5,975.751
33668.8,962.42
34947,1010.06
35143.8,1011.81
33442.7,973.862
34316,942.37
33145.1,947.5
33546.2,1000.54
33144.4,974.186
34557.7,1041.24
33640,955.433
33486.9,931.875
32790.1,951.755
34582,961.219
33275.4,951.114
35165.4,1021.81
34631.7,1006.2
30791.7,865.209
31777,906.65
31683.8,867.708
31122.3,909.064
32275.5,889.582
31820.1,925.306
31390.2,900.216
32436.2,861.217
30642,824.109
35636.2,939.11
33829.6,937.927
31225.8,806.551
31726.2,851.961
30787.8,831.083
31087.8,870.12
31142.3,847.546
30774.6,869.778
33599.3,927.455
31526.1,886.187
31271.5,880.432
31469.5,881.659
32568,853.432
31922.1,889.754
32567.7,951.911
32289,919.387
33586.9,933.294
31708.4,889.541
31343.9,910.797
31464.3,870.14
32797.7,916.627
32613.7,900.041
33118.7,893.478
31586.4,807.535
31622.3,916.246
33184.6,903.633
32035.3,891.225
30523.4,850.137
34693.2,920.966
32843.9,901.067
32231.8,930.813
32337.5,895.331
32731.9,894.887
31336.2,887.254
29964.3,827.182
33128,964.83
32983.7,947.81
31363.7,856.706
32560,934.417
31800.4,894.413
33513.2,912.971
31573.5,886.091
30789.8,857.533
31652.2,840.47
31951.6,913.51
31741.2,899.881
32819.3,916.859
31062.9,819.828
33519.7,908.83
32303.1,899.894
32515.5,883.656
31539.5,927.695
30648.4,818.042
31515,833.207
31776.3,888.06
31589.4,875.489
32489.7,865.054
32189.9,881.651
31927.7,890.512
31546.9,885.376
32273.5,941.924
32423.6,910.253
31736,876.953
31961.6,849.642
30592.1,847.317
32110.7,915.459
32046.9,904.345
33132.8,955.151
31542.9,874.064
31469.3,837.698
30399.1,849.892
32235.1,880.912
32043.4,893.877
34991.1,934.257
32224.3,912.028
31769.9,898.712
31572.1,874.105
31509.7,917.306
32305.7,895.604
32539.4,932.21
31663.2,918.278
32077.2,862.136
31154.7,836.884
35766.1,952.713
34170,938.793
31120.2,810.409
32369.6,863.327
30864.9,833.019
31538.7,871.522
31267.3,845.479
30633.5,873.097
33864.1,921.157
32217.9,892.544
32632.8,896.035
31442.7,893.283
32346.6,860.711
31480.4,890.738
32847.5,953.206
32936,942.004
34284.3,943.759
31212.4,884.016
31765.8,913.526
31730.7,889.439
32971,926.086
33083.4,895.693
32429,880.862
31036.5,813.188
32072.6,922.598
33259,891.688
32203.2,895.309
31352.9,847.436
33684.2,936.916
31797.8,902.786
31541.7,922.547
33231,895.495
33391.4,894.785
31788.3,890.76
30239.9,836.98
32628.4,971.016
32911.6,955.09
32058.4,873.008
32937.1,937.305
32425.5,892.501
33382.3,931.664
32297.6,900.599
31140.5,852.29
32157.4,848.046
31541.5,921.378
32160.9,906.237
32555.9,907.388
31712.2,834.131
33519.5,917.353
32694.6,906.408
32477.8,866.82
32073.2,932.474
30807.9,834.184
31309.3,833.034
32569.6,904.976
32934.3,884.219
33050.3,869.038
32512.6,886.279
31490.8,895.539
31333.7,880.546
32676.6,935.448
32174.1,913.123
32994.9,892.722
32918.8,849.601
30901.5,862.622
32654.2,930.008
32123.5,890.88
33162.9,957.92
31615.6,887.748
30982.1,835.902
31408.3,871.246
32625.4,884.299
31544.9,885.804
34162.3,925.287
32726.6,916.974
31059.8,899.829
32203.9,940.511
33260.7,934.245
32955.3,957.929
32095.6,955.485
32618.3,892.934
31738.6,884.441
36157.7,988.512
35237.9,979.235
31989.2,837.838
33459.8,901.691
31322.4,863.56
31117.2,909.093
32022.5,883.337
31715.2,906.683
35528.1,956.258
33420.8,940.529
32413,924.18
33117.9,929.789
33175.6,896.365
32608.5,920.847
33785.1,984.859
33636.9,982.115
33927.3,967.365
31839.3,926.328
32274.3,953.341
32779.8,930.739
34204.5,964.281
34056.4,939.902
33129.5,927.77
31853.5,827.77
33078.6,949.227
34502.7,948.002
32505.1,921.198
32078.4,892.288
34619.5,970.953
33140.1,941.125
32874.3,962.711
33016.6,919.12
33008,923.887
32235,927.945
31817.8,882.965
34223.7,1008.97
33526.9,991.826
33084.1,903.111
33739,969.601
32786.4,929.746
34065.4,961.721
33223.5,938.521
32217.6,903.683
32500.8,883.632
32643.7,954.468
33008.8,944.473
33523.5,960.141
31280,851.311
34579.5,950.933
32830.3,939.516
32869,913.615
33281.9,966.202
30722.7,874.358
32279,872.18
33324.2,934.545
33344.1,919.873
33145.8,902.18
32682,917.573
32023.9,918.734
32683.6,924.349
33238,978.397
32992.9,960.259
32646.6,930.28
33441.3,893.871
31989.7,896.241
33160.4,949.951
32640.7,940.619
33811.3,987.806
32873.7,919.54
32075,884.076
32339.5,901.956
32973.4,913.407
32625,927.283
35293.1,965.906
32616.1,951.214
32211.1,920.907
31928.8,898.381
32882.7,926.417
32029.2,911.104
32435.1,872.746
30992.4,845.794
34899.2,940.392
34759.5,942.989
31073.1,812.895
32469.5,849.263
31059.4,834.84
31338,867.69
31243.4,832.547
31184.6,855.003
34235.7,928.084
32343.9,895.43
31893.9,895.824
32065.7,894.185
32012.8,859.609
32084.2,894.241
32843.3,937.659
33323.7,941.815
33187.5,944.054
31389.4,895.106
31876.3,897.148
31491.6,876.82
33519.8,936.08
33415.9,907.847
32652.2,908.411
30715.4,803.557
33215.5,919.754
33595.6,907.193
31289.5,890.382
31790,857.496
34382.5,920.937
32452,900.895
33010.7,915.939
32924.3,875.517
32534.2,904.257
31922.8,882.898
31379.8,846.045
33527.7,968.264
32297,933.184
31889.9,867.017
33186,944.218
32369.5,892.333
33578.6,918.005
31996.5,875.547
31696.3,858.339
31337,845.26
32059.3,915.55
32352.6,906.559
33640.2,919.383
30926.1,821.672
33575.9,918.98
32917,905.017
32286,881.193
32880.8,924.374
30155.9,834.102
31049.6,832.696
32933.1,884.151
32970,881.068
32112.8,872.682
32398.5,889.64
31819.3,883.749
32006.5,881.044
32378,942.882
32175.4,930.299
32155.7,890.858
32456.2,856.451
31201.1,867.916
32723,930.235
32159.6,910.44
33333.7,943.996
32005.7,887.537
31308.3,849.807
31699.5,857.871
32663.2,877.223
32253,899.199
34852.6,925.44
32697.9,917.836
31890.1,923.971
32454.5,976.195
31426.4,947.823
32951.8,905.09
31346.4,875.481
35819.2,1002.14
34388.5,982.981
32232.5,858.372
32782,904.641
31014.3,860.559
31570.4,919.14
31518.6,890.981
32131.2,920.317
33536.3,980.206
33336.5,946.213
32227.5,934.272
31990,935.578
33531.1,908.136
32370.1,940.415
33158.9,1004.8
32816.5,986.928
34279.6,980.345
32518.8,933.01
32003.8,951.768
32242.2,933.937
34021.4,981.088
33840.7,942.919
33085,952.696
32034,853.307
32660.1,954.609
33615.8,952.964
32967.7,927.716
31987.3,893.278
35191.9,977.986
32840,955.906
32082.7,969.314
33296.5,944.335
34465.4,944.098
32447.7,931.792
31724,885.67
33564.5,1009.15
33004,996.336
32658.3,908.319
33046.1,977.693
32556.4,945.158
34141.5,980.21
32489,950.069
31564,916.519
32759.5,893.712
32079.5,960.847
32669.8,948.921
33338.7,971.25
31366.8,867.402
32935.3,958.757
32746.8,932.153
33239.6,930.676
32425.1,977.538
30620.1,863.223
32479.5,863.47
32764.6,938.881
32485.9,923.713
32690.7,917.681
32944.9,931.842
32843.8,943.242
31885.4,924.281
32951.1,987.729
33360.8,974.347
32716.2,940.673
32924.4,899.931
31906.5,920.772
31813.2,955.389
31910.2,946.563
33378.8,1002.16
32408.3,930.194
31725.5,886.897
32267,916.656
32783.9,921.122
32528.8,942.459
33982.4,976.066
32982.4,964.918
32184.9,926.772
31543.5,930.1
32802,889.22
31827.1,869.355
35148.5,970.671
34669.4,943.837
31814.9,837.381
32961.3,886.887
31403.6,861.06
32054.9,888.365
31447.8,855.174
31851.6,894.342
32958.7,939.848
32197.5,927.664
32757.5,912.693
31640.9,903.383
33229.9,879.107
32471.5,911.631
33562.4,981.182
32743.7,958.85
33825.3,964.061
32028.8,906.444
33017.8,937.086
32066.9,919.993
33718.7,947.617
33854.8,932.677
32563,928.039
31589.5,835.679
33351.8,946.874
33807.8,928.089
32292.2,896.718
32167.4,884.195
34354.3,960.647
32933.5,931.297
32891.4,956.127
33453.6,915.266
34035.6,917.953
33053.2,915.535
31362.4,868.786
33899.9,986.961
32908.2,980.839
32182.5,892.469
33018.5,963.846
32622.7,911.768
33789.4,960.515
32267.4,930.055
31942.2,881.138
32355.9,872.322
32247.8,940.761
32704.3,935.006
33272.1,941.758
31432.2,856.812
32938.7,930.564
32554.8,916.046
32594.8,893.185
33037.2,956.75
30423.6,847.443
31958.3,842.385
33244.2,924.107
33123.8,898.769
32498.7,888.097
32695.7,909.571
32255.2,914.497
31855.3,902.74
32343.2,952.683
32977.1,943.065
33444,920.687
33025.2,879.108
31559,893.536
32307,929.667
33079.1,934.926
32592.4,952.575
32118.7,908.437
31010,865.83
31953.5,890.638
33044.4,898.443
31947.1,918.568
35146.4,963.379
32351.2,934.304
31309,963.507
33558.8,926.652
32439.9,904.38
36588.3,1010.6
34541.3,1001.55
32821.5,869.816
33042.6,915.961
32330.6,891.806
32435.7,928.02
32766.1,904.361
31644.5,930.578
34401.7,973.621
33494.9,956.166
33579.5,950.235
32856.3,923.491
34511,917.912
33452.6,951.026
33398,1011.68
33488.8,1004.36
34342.7,994.021
32975.7,952.731
32520.4,972.196
32644.3,948.427
34583.3,994.185
34456.5,951.799
33701.3,960.915
32942.7,865.419
33319.3,978.568
34783.4,955.004
33611.7,943.785
32885.5,914.46
34005.6,985.653
33864.8,963.381
32574.5,987.226
33956.3,949.621
34843.5,965.926
32479.7,943.035
31884.9,901.547
34248,1021.65
34108.1,1005.97
33249.7,924.089
33720.3,1001.57
33203.7,952.302
34748.6,987.198
33167.9,962.77
32504.6,922.715
33767.4,900.82
32634.4,970.318
32995.5,952.331
33995.9,978.59
31991.5,879.57
34140.7,980.534
33297.2,951.589
33642,932.22
33078.9,971.747
32073.8,894.82
33617.5,890.817
33576.4,956.796
33388.2,926.803
33535.1,921.264
33612.9,943.383
32976.3,948.784
32700.7,931.425
33924.3,1003.14
33856.9,977.016
33495.3,941.508
33505.2,911.344
32013.3,928.122
33292,971.304
33524.4,968.545
33763.6,1012.14
32762.8,924.499
32240.2,896.075
32829.5,926.045
34318.3,935.732
32723,950.636
35509.1,987.838
33505,971.435
31923,895.48
31648.6,888.784
35446.2,998.363
33674.9,989.465
32118.1,854.926
31967.5,917.833
30782.3,866.835
31155.6,917.156
31567.3,883.024
30815.6,919.763
34070.5,975.143
32315.7,931.036
32215.9,927.054
32314.6,944.372
33323.1,903.856
32590.2,945.75
33442.3,996.969
32939,986.958
33765.5,988.839
31276.8,913.947
31571.4,949.931
32153.3,940.354
33631.2,961.661
33856,954.449
32439.4,944.249
31988.8,847.998
31731.4,943.762
33743.8,956.576
32137.4,922.424
31854.3,906.93
33535.3,964.261
32675.8,942.612
32343.3,970.108
32832.6,945.66
33370.9,935.297
32227.9,940.267
31329.4,895.682
33167.7,1011.28
33025.2,1001.11
32346.1,911.05
32818.3,985.647
31741.9,942.631
33504,976.178
32828.2,950.212
32385.2,916.333
32353.9,892.131
32111.4,956.732
32193.4,943.813
33131.4,965.932
31559,874.414
33025,967.191
32344.9,944.405
32943.7,930.791
32332.2,976.546
30962.2,885.438
31965.3,881.339
32941.1,954.599
32651.5,927.228
33054.3,916.769
32608,936.924
31763.4,923.299
31972.6,933.071
33059.5,989.257
33400,974.452
32716.5,940.444
32408.6,897.077
30808,917.779
32150.3,976.685
32445.2,957.385
32865.1,999.447
32348.4,928.514
31271.5,882.244
32092.8,911.048
32897.7,930.276
32213.3,941.972
34278.7,986.114
32107.7,966.242
31994.2,844.859
34276.2,952.1
33743.4,946.255
30969.1,814.056
31681.2,866.522
31612.9,838.284
32368,871.227
31832,839.675
31705,866.665
34831,931.9
31593.5,907.518
32411.1,893.647
32118.2,895.299
32222.1,859.284
33214.6,900.239
34522.5,941.32
33806.8,945.464
32747.4,939.356
31852.7,889.027
32740.1,919.186
32498.8,880.529
34386.9,937.789
33203.6,908.045
32994.9,900.181
32041.3,815.305
32401.7,919.283
33327.3,890.062
32738.8,896.808
31444.8,855.989
33059.8,931.123
32850.1,903.625
33692.2,926.595
32853,895.478
32169.6,908.082
32655,885.474
31454.3,850.171
34225.6,963.668
33088.7,956.582
32014.7,858.739
32834.8,929.163
32372.9,898.889
33365,910.602
32265,907.278
32604.8,870.274
31977.3,849.545
32176.2,919.265
32856.8,912.23
32843.2,928.337
32425.8,836.493
33992.5,914.287
32651.6,896.067
31529.4,877.699
33173.1,931.816
31240,832.603
31531.2,838.026
33114.8,908.563
32987.9,880.088
32592.4,874.392
32733.5,889.887
32042.6,896.967
32651.4,889.359
33169.7,946.742
32860.6,918.775
33434.1,897.911
31887.2,836.756
32255.5,870.834
33717.2,931.919
33014.7,907.45
33666.6,957.319
31574.9,883.176
31127.4,847.401
32344.1,869.679
32444.7,883.444
31322.2,894.563
35469.4,940.466
32947.9,918.941
34021.3,921.15
33961.9,912.533
30057.9,787.576
32420.6,819.374
30109.1,809.066
30045.8,832.712
29970.8,811.263
30604.5,842.422
34266.1,907.252
32048.3,849.245
31303.9,866.957
31377.8,871.834
31617.2,835.182
32500.5,873.211
32911.9,931.66
32556.6,914.222
32945.1,920.03
30763.1,871.927
31188.5,888.33
30871.2,863.3
33297.8,909.788
32321.4,877.315
31862.1,874.101
30756.1,787.511
32475.9,897.069
32547.9,866.324
31823,863.771
30997.6,830.76
33893.8,907.472
31640.3,871.727
33090,906.733
31476.9,870.83
32490.3,870.617
31765.2,862.386
29894.4,798.17
33617.2,943.567
31960.3,927.689
31394.4,844.408
33003.1,918.899
31817.7,869.141
32788,904.266
31720.2,875.415
31253.4,841.689
31509.7,818.418
31710.9,888.881
31904.8,876.319
33346.1,901.309
30727.1,808.399
33126.4,890.615
32066.6,878.825
32353.5,861.447
32985.1,903.37
30059.6,803.83
31793.7,806.076
32908.7,882.817
32683.3,858.69
30857.6,842.477
31964.8,861.227
31203.9,868.152
31678.6,858.67
31916.5,907.517
31832.7,894.351
31264.4,870.883
32232.2,824.847
31090.7,840.552
32528,906.857
32577,879.072
33082.8,928.428
31375.8,858.742
30776.2,824.075
31474.5,845.718
32417,854.2
31328.7,852.154
34743.8,911.586
32311.9,892.012
35926.5,1025.92
32939.6,868.906
34823.4,948.355
34389.4,916.835
34965.7,944.775
34660.1,926.987
34915.4,949.325
36276.2,1013.17
33775.1,967.454
34426.9,959.382
34308,975.036
33700.7,941.105
35100.8,960.709
35786,1011.01
35011.8,1005.81
33698.2,1026.3
34330.8,974.177
35191.5,998.081
35065.8,964.087
35556.3,1009.36
34575.2,980.538
34539,982.301
34307.7,892.345
34321.6,985.334
34255,983.782
33874.5,961.248
33966.3,936.364
36151.2,1014.3
34410.5,971.261
36132.1,1010.55
34273.1,969.995
34591.4,985.691
35683.9,968.585
34366.1,921.992
35494.2,1046.27
33737.1,1038.99
32767.3,940.939
34531.1,1024.82
34265.3,958.382
34299.8,1007.96
34342,975.446
34361.5,947.925
34233.4,928.44
34494.8,994.82
34173.9,978.607
34479.9,999.724
34996.4,915.179
35349.3,982.449
35233.6,978.131
33216.7,967.37
35852.5,1006.16
34125.8,908.343
33884.7,910.318
35625.4,975.128
35260.1,963.305
33565.2,950.19
34996.1,963.707
34040.3,967.162
34103.6,966.034
34862.7,1010.76
35440.1,1010.9
35199,966.901
34090.5,932.728
34574.9,938.182
35243.9,1009.2
35715.7,991.044
35842.7,1038.86
33932.6,966.276
33938.8,894.11
34583.4,945.015
33921.2,964.694
34339.2,978.092
37364.6,1012.88
35750.3,993.536
34069.9,881.101
33440.4,944.027
34078.6,907.99
34135.4,944.645
33921.1,919.439
34164.2,938.535
35797.5,995.243
33921.7,979.717
33939.8,953.367
34130.2,964
34711.1,916.004
34447.8,962.618
35057.6,1017.28
34498.9,1008.65
34437,1016.01
34749.2,968.662
34078.2,988.893
34864.2,959.368
35837.3,1001.24
35197.2,971.681
34834.2,968.712
34881.2,880.042
33582.2,980.96
34875.8,964.208
35183.5,958.302
34043.1,918.833
34365,1004.94
35267.7,972.798
34630.5,1005.34
34066.8,969.856
35080,978.609
34723.4,961.414
33534.5,917.449
35458,1037.67
35010.1,1026
33535.5,934.703
34177.5,1013.48
33684.4,951.896
34961.5,1002.6
34818.3,976.985
32819.8,935.313
34224.6,912.943
33894.3,971.308
34423.1,978.413
34291.1,993.085
34206.4,892.693
35241,994.464
34419.3,976.653
34405.2,953.083
34332.4,996.343
33920,908.936
34658.2,906.039
34856.8,966.07
34017.9,955.425
34639.1,934.719
34829.9,959.548
33923.3,963.553
34676.9,957.551
35228.8,1014.17
34892.7,1001.72
34706.8,957.819
33311.8,901.135
34562.9,941.489
35392.7,1001.02
34867.6,977.98
35320.9,1025.05
34191.2,954.681
33941.1,906.382
33932.7,942.452
34496.7,949.789
33011.2,943.713
36531.7,1008.94
34867.7,966.728
32585.9,808.606
30283.3,772.793
30718.3,802.792
30375.8,789.654
30205.1,799.907
34177,864.021
31834.3,847.301
31281.1,833.713
30427.8,832.927
30411.2,781.536
31683.6,837.529
33646.6,897.82
32852.3,879.767
32801,879.636
29671.1,810.696
31854.4,847.9
31557.3,834.919
32280.9,865.57
31923.7,821.855
31979.7,847.41
30225.9,747.721
31875.5,861.387
32621.8,841.219
30462.5,834.098
30184.2,798.709
33710.4,867.35
30884.8,833.144
32909.5,865.467
31852.2,831.599
32527.3,847.372
31775.7,819.114
29725.8,766.191
33054,910.196
31355.4,894.309
30305.6,792.692
32907.9,876.338
31712.4,836.522
33341.5,871.06
30500.6,825.457
31152.4,808.4
30272.1,778.182
31036.1,853.389
31364,849.52
32091,846.639
30169.2,768.941
33864.4,862.047
31280.8,846.45
30806.2,825.765
32076.2,870.989
29658.3,774.488
30581.7,775.316
32424.3,840.586
32451.1,819.075
30636.7,800.239
30617.9,817.424
30958.8,832.016
31532.2,827.484
32344.3,871.234
32175.2,865.471
31759.2,827.641
31712.7,794.357
31136.4,796.721
32499.8,871.656
31930.9,836.543
32972.9,894.624
30267.8,820.902
30356.2,783.191
30072.4,800.059
32087.5,819.704
31005.7,835.504
35082.3,872.798
32940,860.834
31769.6,831.211
32751.4,868.228
32680.5,847.374
32479.6,868.761
33466,931.286
31852.5,899.35
32869.6,891.04
31323.5,885.291
32513.1,835.952
32971.8,897.246
34720.2,955.465
33343.6,934.946
32919,940.458
32992.7,892.056
33314.2,902.584
33097.5,892.761
33844.7,934.796
32334.5,878.981
33297.9,878.884
31901,800.471
32597.7,921.104
34170.3,910.853
33195.5,889.54
31344.4,851.815
33680.1,914.725
33974.2,905.346
32906.6,918.133
33203.6,888.266
32746,876.191
32645.4,891.763
31462.6,838.046
34596.3,965.93
34031.8,951.501
32262.4,866.314
32567.4,939.458
32615.4,896.239
33953.7,933.713
31954,863.199
31557.8,870.555
31799.3,846.552
31924.4,902.179
33220.7,906.302
33939.1,915.835
32300.9,835.287
33106.2,921.764
33788.8,888.278
31666.9,885.482
32604.9,924.331
31507.3,830.206
31922.9,835.032
33013.6,899.944
32262.5,878.111
32867.3,871.398
33663.8,890.432
31996.6,890.359
32007,882.288
33187.7,932.565
33582.9,925.911
34448.8,894.918
32562.5,857.067
32228.9,871.921
33613.8,928.582
33726.1,905.592
34376.5,942.304
31768.3,883.611
31892.9,848.523
32225.7,864.553
31776.4,882.805
32385.1,897.915
36616.4,933.031
33310.3,914.18
30775.6,834.667
30189.4,813.334
30644.7,835.566
32469.3,886.569
31811.8,867.443
31601.5,853.001
30890.6,855.101
31958.8,823.18
31240,856.223
33076.2,912.14
32004.6,900.52
32216.5,885.786
30842.7,850.583
31204.4,880.019
30819.4,851.392
32721,890.594
32438.5,853.768
32243.2,864.154
30365.4,776.275
31757.9,883.208
32912.9,867.745
31391.8,855.115
30927.2,822.389
33450,896.113
32005.6,872.374
31834.3,891.095
32477.3,854.044
32214.8,865.087
30690.7,845.364
29498.4,793.281
33356.9,925.222
32194.3,911.867
30789.6,832.635
32194.1,903.377
31706.4,858.217
32826.2,889.449
31370.8,859.417
30693.3,829.533
29850.6,796.297
31046.7,883.846
31669.9,866.004
32619.6,884.668
30234.4,799.25
32960,881.926
31387.9,870.129
31646,844.913
32135,894.943
29312.7,800.553
30779.3,793.25
32383.8,860.223
31336.6,845.865
31395.2,834.674
31425.3,853.709
30720.9,855.915
30760.8,836.551
32585.2,907.575
31880,883.044
31820.1,847.414
31611.5,817.529
29947.6,815.234
32188.4,884.027
31665,871.63
32647.2,912.155
31305.3,847.312
30087.2,809.553
30820,824.192
31725.9,844.412
30814.5,851.072
34360.7,901.021
31435.5,880.768
30953.9,849.989
29703.6,863.482
34817.7,930.101
32963,876.936
31362,893.244
31896.6,896.486
31903.4,846.217
32449.1,887.614
32638.9,949.365
33129.7,943.868
33727.8,945.028
30282.8,882.087
30986.3,916.742
32036.3,895.253
33012.3,925.173
33963.1,897.979
32566,900.556
31728.1,806.057
31921.4,908.525
33918,904.11
32412.5,890.757
31486.7,851.259
32883.2,913.217
31156.5,898.086
32677.8,931.351
31607.7,891.114
32931.6,903.67
31668.4,886.25
30695.1,845.23
32979.9,972.436
32610.2,957.721
32176.2,872.064
32633.6,939.612
31782,886.944
33332.6,935.363
31133.5,872.863
31688.1,869.994
32339.3,839.262
32296.2,916.576
31442.1,900.06
33338.1,924.778
31435.8,835.56
33254.8,917.55
32395.5,899.549
32071.5,881.028
32418,928.302
30332.2,833.686
32288.3,826.019
32283.1,907.194
32850.9,881.416
32239.1,872.016
32927.2,879.114
31241.4,869.989
32274.8,884.188
32895.4,925.19
32595.4,924.105
31828,894.638
32269.4,857.685
31224.5,870.663
32627.9,904.32
32167.3,895.649
32878.3,957.594
31852.7,883.288
30588.4,846.936
31078.1,863.364
32817.8,873.241
31383.7,885.312
34257.5,914.123
32175.1,916.873
31084.4,849.646
34275.4,892.476
32994.8,877.711
31924.8,859.968
30976.4,864.489
31824.3,833.264
32236.3,861.482
32936.5,903.142
32516.6,911.356
33728.3,914.692
30975.4,859.444
31770.3,894.236
30515.7,865.058
33146.8,905.556
32705,873.833
32460.2,881.335
30490.4,788.128
31836,896.004
33134.5,884.337
31119.9,857.579
31624.1,833.912
33527.2,906.536
31496.8,861.189
32521.1,908.411
31723.6,872.631
33758.2,885.132
32142.2,869.806
30571.7,823.574
33096.8,941.115
31967.7,925.632
31781.6,847.277
33407.4,915.134
32098,874.282
33477.7,911.242
31304.3,879.538
31191.4,846.738
31360.9,824.595
31522.3,893.424
31286.9,867.299
32925.6,899.395
31318.8,804.653
32108.6,897.667
31303.9,867.987
32541.6,861.941
31953.3,899.413
29820.9,811.173
31848.8,812.384
32235.8,881.163
31927.1,860.768
31096.4,846.233
32351.2,868.475
31210.7,871.879
32001.7,863.526
32789.5,908.392
32444.3,907.059
32232.4,872.755
32680.1,835.11
30683.8,849.964
32535.4,909.416
32076.7,887.199
32893.9,926.833
31464.5,861.882
31505,823.514
31823.6,847.795
33197.1,852.475
31443.5,875.545
34351.6,908.115
32231.1,874.928
34659.1,904.6
32441.9,907.293
31705.3,887.217
31723.8,896.144
32335.2,859.492
31999.7,883.751
32794.9,955.155
32781.9,936.822
33276.2,939.103
30619.7,896.237
31138.3,915.496
31738.5,892.195
32988.3,931.501
34167.3,901.78
32633.5,906.283
31462.5,812.587
31653.5,911.887
34146.2,907.963
32234.3,894.09
31336.3,853.341
32581.9,931.495
31843.1,903.934
32667,930.122
31685.4,897.431
32769.5,888.812
31435,877.542
30651.3,847.453
32864,963.763
31903.6,948.351
31882.3,859.342
32567.4,941.957
31898.9,896.514
33016.7,910.347
31349.1,897.827
31764.6,870.967
32102.2,843.761
31994.8,903.19
31177.7,906.645
32925.8,921.9
31323.9,832.066
33378.4,920.026
30943.3,901.614
32203,885.757
32401.5,914.807
30108.3,820.345
31850.6,833.579
31921.3,893.677
32615.3,873.524
32503.4,858.473
32359.7,890.707
31718.9,892.504
31955.5,880.145
32608.7,940.593
32844.5,915.049
31870,878.491
32066.2,850.13
30905.5,872.059
32230.1,922.208
31362.1,867.305
32611.9,946.264
31663.9,886.529
30701.8,845.501
31141.3,867.327
32631.1,871.016
30978.9,882.874
34021.8,932.258
32040.7,909.745
32672.3,966.976
34332.9,948.651
32590.4,954.785
35313.7,917.345
34097.4,957.205
35053.3,1017.5
34286.6,988.322
35260.3,998.673
34517.6,926.075
34730,958.938
33475.1,954.594
35175.6,978.408
33927.6,967.072
34343.8,958.939
32470,849.306
34520.5,976.944
34005.7,952.577
33869.4,947.654
33649.1,910.924
36701.8,995.381
35212.4,956.352
34094,989.251
36216.8,957.115
35581.6,964.248
34124.4,949.876
32938.9,904.296
34904.5,1015.5
34487.3,1008.84
33351.7,916.337
34232.5,973.593
34480.2,956.198
35021.3,992.079
34053.2,964.244
32413.4,912.361
32740.2,902.189
33995.3,979.357
35061.4,966.858
34780,985.302
32948.6,890.277
33787,965.359
35449.6,954.77
33664.5,945.441
34409.3,985.636
33030.3,887.053
33001.8,891.32
34965.6,966.81
33892.9,939.479
34003.3,927.697
34252.5,950.391
33916.1,950.566
33204.5,944.151
33915.6,969.863
35328.9,982.378
35763.5,954.877
34754.9,914.937
33458.1,927.307
34368.3,983.414
34166.5,969.115
34804.7,1007.08
33828.5,946.213
32972.3,899.915
33847,926.556
33511.4,932.228
33501.5,937.087
37436.9,995.427
35257.5,975.685
32757.8,924.64
31659.7,913.477
32712.3,880.867
33259.1,928.518
34477.9,984.118
33603.7,979.282
32769.2,963.536
32486.4,931.651
33626.4,950.319
33109.3,930.325
34078.6,953.547
32823.8,936.632
32690,935.956
31513.1,848.002
32085.8,947.747
33054.6,942.462
32745.1,929.505
31722.4,885.667
34085.2,955.055
33481.6,939.798
33581.4,964.135
33677.1,922.262
32846.1,938.203
32903.1,927.452
31307.3,879.758
34248.7,1006.6
33019.5,973.898
31519.8,907.204
32977.9,973.293
32373.2,910.081
32858.5,937.59
33053.2,930.032
31376.3,906.381
31562.3,879.236
32157.9,947.877
32986.1,919.725
33474.3,951.922
31852,855.919
33861.4,943.298
33413.1,936.558
31350.6,909.45
33045.6,953.621
31458.4,870.326
31087.9,870.722
33488.6,936.22
32893.7,917.025
32573.7,893.196
32979.4,911.107
31581.7,926.3
32378.9,922.891
32778.2,971.821
33529.8,958.764
33449.4,919.693
31625.9,886.901
31909.2,892.431
32764.9,963.432
33431.8,939.033
34004.5,991.837
31681.3,908.441
31501.7,873.094
32196.1,892.423
31758.2,914.201
31706.6,912.598
35206.7,953.518
33261.8,951.834
31607,919.081
31673.2,866.132
32346.1,914.569
33398.5,957.168
33560.6,956.74
33247.3,946.553
31851.4,897.384
32296.7,939.406
32829.6,917.848
33353.3,941.873
33211.3,925.901
32483.2,928.042
31945.2,827.099
32526.8,934.239
32906.2,934.067
32364,917.028
31082.7,881.639
34683.2,951.641
32657.8,926.189
33647.4,953.392
32561.4,917.098
32766.9,913.583
33067.8,914.976
31612.5,870.391
33345.7,984.075
32898.1,980.316
32024.7,894.035
32839.9,957.031
31630.5,911.701
33719.8,957.958
31417.7,900.336
31816.7,891.753
31809,866.328
32183.9,939.957
32247.2,932.45
33085,921.653
32003.3,855.561
34152.8,937.42
32962.7,900.384
32745.5,908.695
32991.3,954.193
30828.2,843.445
32380.3,858.245
32753.9,923.178
33270.5,904.468
32260.5,891.029
32729,898.87
32275.3,913.091
31961.3,898.582
33141.5,961.704
32938.5,939.995
32717.2,891.724
32520.5,874.545
31926.5,884.929
33218.6,940.316
32115.6,905.787
32879.7,970.011
32166.1,904.182
31836.1,856.872
31697.2,885.522
32377.8,899.408
32547.9,914.221
35108.3,958.057
32693.8,940.745
31819.8,881.182
32108.6,907.777
34000.1,979.688
32499.7,969.508
32717.9,961.922
31546.8,917.625
31943.2,925.982
30717.1,909.531
33277.5,956.917
31555.9,929.079
32033.2,928.738
29993.8,828.772
31982.5,922.766
31837,931.801
30952.6,911.659
31022.8,871.922
34434.8,958.117
32187.2,914.849
32947.5,945.34
32931.3,919.667
33010.9,931.63
32359.7,901.391
30895.4,865.75
33018.6,990.726
32046.5,973.966
30760,887.752
32904.8,960.693
31904.6,918.346
33158,959.286
31245.9,922.575
30602.4,895.232
30722.8,862.948
30815.8,929.933
32234.5,925.438
32583.5,933.79
31455.1,859.828
32462.8,943.661
33268.9,928.874
31345.5,900.894
31692.7,928.534
30375.2,858.258
30312.3,845.35
32835.6,931.392
31780.3,907.266
31873.3,893.502
31879.2,912.906
31760.7,919
30690.7,908.443
32489.6,961.762
32386.6,953.556
33281.5,919.458
32608.3,881.608
31063,889.913
32576.8,939.959
32354.5,923.543
32867.7,976.573
31210,898.422
30991.4,862.667
31249.8,888.591
31888.1,883.388
31502.5,915.892
35049.4,935.897
32469.6,936.447
33306.9,876.988
34395,944.079
33965,931.207
33087.9,924.314
31597.4,880.621
32617.4,902.726
32186.5,882.525
33350.3,918.955
32980.2,889.61
32762,895.016
31124.1,775.135
33155.2,908.788
32386.2,895.484
31733.6,876.967
31547.8,838.375
35136.7,906.92
32136.9,896.3
34764,908.021
32620.5,885.045
32952.1,894.978
34076.8,879.652
31440.9,832.422
33550.2,950.719
32796,942.079
31213.7,855.487
33162.4,911.94
33047.3,884.128
33308.8,921.141
32065.7,887.83
32031.5,853.814
31688.5,832.978
32258.3,907.773
31876.9,887.338
33748.2,913.233
31775.4,822.125
33885.2,909.653
33699.9,888.131
31587.6,866.438
33519.6,918.801
30982.6,825.099
31491,817.278
33312.7,883.973
33222.4,862.077
32152.7,856.167
33179.5,878.321
32352.1,882.349
32699.6,871.204
33125.1,924.718
32346.9,910.56
33041.5,875.929
31969.7,827.059
32239,844.601
33886.7,919.262
32796,888.405
34353.4,936.001
31882.9,873.8
32131,833.339
31686.3,857.641
32597.8,870.695
32786.6,885.805
36308,925.499
33783.2,900.512
33844.7,983.455
32965.6,969.633
33795.6,968.126
32531.2,917.734
32943.7,942.111
32380.8,911.305
32841,939.612
33863.5,930.461
32941.7,915.954
31646,829.177
31953.8,916.761
34149.6,935.57
33052.6,913.235
32442.3,874.446
34291.9,952.542
33060.8,933.21
32715.7,947.419
33552.5,920.28
34120.8,925.849
32924.6,901.739
31635.4,866.309
33349.2,969.06
33139.9,982.609
32613.8,890.837
32810.9,966.207
32873.8,920.201
33615.2,944.201
32899.6,927.068
31826.5,896.61
32910.7,872.47
32666.2,944.548
32407.9,932.676
32895.3,943.717
31714.9,844.052
33897.6,942.506
32643.5,928.287
32813.7,908.32
33644.2,948.225
31044.4,860.912
32067,860.951
33942.3,932.77
33579.7,905.082
32911,886.671
33212.7,916.35
32210.6,915.492
31669.2,896
32936.8,964.05
33303.1,935.783
33471.5,920.424
32963.7,880.703
31999.1,897.839
33308.3,947.617
33328.8,929.977
33041.4,960.807
32226.2,912.172
31923.4,863.945
32114.2,895.67
32854.6,903.125
32396.5,904.572
34484.5,952.111
33065,946.951
34571.7,1031.18
34953.5,1028.16
33340.4,972.032
33237,1002.4
34528.2,979.939
34635.7,1021.01
35348.6,993.185
34403.5,990.523
33677.4,898.521
33404.9,988.85
35092.3,991.884
33840.1,948.845
33059.7,932.731
35487.4,1013.3
33381.8,976.062
33319.5,1012.4
33604.9,961.362
35218.1,993.298
33275.6,948.851
32298.5,909.674
33841,1054.4
34213.2,1032.12
33417.7,954.233
33988.1,1024.18
33160.8,955.148
34660.9,1017.44
33747.5,990.494
33340.7,943.377
34168.3,926.486
33328.5,1006.09
33464.8,990.293
34152.7,1001.02
33347.4,917.995
34729.8,1007.84
33657.3,987.335
34165,962.741
33748,1007.1
32753.6,912.368
34158.2,915.885
34344,990.509
34246.4,967.75
33905.7,948.443
34056,963.949
33845.3,970.785
33485.4,970.985
34090.6,1010.33
34757.9,1012.5
33538.5,977.552
34295.1,943.276
32926.4,955.564
34176,1009.38
33670.6,989.668
34667.3,1038.12
33345.4,956.884
33422.8,925.213
33153.1,946.613
34588.2,969.014
33922.3,978.116
35629.6,1016.13
33998.3,1007.24
34657.4,1013.5
33047.8,952.806
32947.2,976.62
32838.2,963.559
33303.1,984.329
34474.8,973.776
33668.3,978.575
32764.1,885.951
33637.4,990.708
34376,984.493
34028.7,958.374
33651.5,929.996
34404.5,996.74
33050,964.614
33660.1,1006.28
33650.8,966.813
34776.8,980.659
33576.5,955.317
32179.6,917.175
34158.3,1041.57
33648,1011.35
32590.9,938.811
32970.9,972.343
33759.8,967.669
34044.5,1002.62
32951.3,969.561
32156.3,937.341
32719.9,915.579
32575.9,975.212
33240.4,982.876
33159.4,993.039
32612.1,895.62
32578.8,987.518
33028.6,967.754
33239.4,950.703
33737.4,998.21
31685.9,897.425
32498.1,890.156
34013.2,980.491
32611,953.59
32845.9,942.832
33229.1,955.508
32497.8,941.805
32353.6,941.665
33801.1,1017.39
33407.6,996.167
33590.6,959.07
33573,926.25
32128.8,944.026
33118.5,1000.65
33119,978.939
33881,1023.95
32666,937.768
32352.9,921.957
33006.1,943.391
33667.9,940.43
32215.7,966.435
34953.8,1011.25
33218.7,990.463
33128,966.763
33685.5,982.294
33488.3,960.593
34663.3,1004.22
33886.8,976.897
33523.5,968.001
32714.2,870.35
33493.1,989.469
33721.7,983.936
32998.3,963.349
32456.3,927.098
33821.2,997.977
34058.5,980.301
34855,1003.03
33505.5,964.582
33314.3,976.094
34058.4,953.203
32604,910.366
34962.4,1032.38
33816.6,1028.79
32071.8,941.458
33303.5,1009
33345.6,965.485
33468.2,1007.83
33350.6,973.507
32923.7,940.069
32341.2,909.61
32945.4,984.673
33487.1,968.836
34582.5,998.426
33103.9,904.142
34939.8,994.846
34012.1,971.201
33112.8,956.899
34211.4,1004.06
32162.6,906.234
32007,891.398
34606.5,971.938
33581.9,943.411
33409.5,929.392
33587.5,951.741
32783.9,962.626
33635.1,960.284
33953,1010.71
34133.9,975.368
33894.1,966.358
33077.8,923.321
33273.2,945.003
34209.3,991.711
33836.1,969.727
34944.4,1027.99
32879.9,959.336
32699.9,921.606
33171,942.835
32906.6,953.183
32939.5,967.257
36236.5,1010.69
33827.5,989.857
32172.8,935.544
31803.3,913.394
32858.2,943.876
33525.3,931.334
32005.4,927.611
31251.5,836.946
32393.1,945.738
33507.6,920.227
31210.3,911.894
31453.5,879.634
33842.4,953.264
31744.5,907.694
32749.8,934.792
32403.8,919.482
32700.8,931.723
32394,913.967
30271.2,848.14
32907,986.111
31821.6,977.416
31548.5,876.808
33049.5,963.061
32381,910.793
32786.1,944.206
31219.2,925.989
32051.4,891.005
31373.2,850.228
31792.7,938.19
32359.1,933.871
33285,947.7
31289.4,859.922
34480.3,946.261
32242.7,928.882
31815.1,910.116
32687,947.689
29878.7,845.941
31173.6,857.467
33287.5,927.897
33416.8,904.245
31923.4,879.56
31676.1,906.817
31666.6,894.625
31899.3,896.447
32165.1,962.19
32518.9,916.494
31266.6,899.944
32272.9,873.166
31897.8,896.555
33139.3,954.553
32127.6,910.001
33070.5,975.813
31516.2,895.818
30631.7,873.158
31645.2,887.655
32899.9,902.019
31418.6,900.53
34838.5,962.244
32403.3,945.667
31865.7,923.089
33325.1,976.328
33719.8,946.392
32787.4,949.533
31475.8,842.735
31958.9,960.893
33943.9,941.297
32423.9,937.511
31623.8,903.017
33645.7,959.135
32410.8,943.751
33277.4,969.891
32149.5,930.98
33299.4,935.038
32028.2,929.773
31341.2,889.065
33354.1,994.82
32951.3,984.625
31969.8,912.936
33209,987.662
32256,938.899
33415.7,956.716
32113.1,944.236
31395.2,902.602
32375.1,881.148
31909.4,951.635
32127.5,950.81
33122.2,944.552
31932.8,877.213
33849.3,964.485
31825.5,914.408
33383.5,930.347
32155,956.583
31043.2,868.25
32367,870.836
32585.7,951.717
32495.7,920.756
32613.7,916.264
32514.1,933.084
32298.8,935.578
32115.6,928.348
33123.6,985.091
33269,973.469
32180.4,936.47
32779.2,901.933
31274.5,905.765
33091,974.003
32756.7,933.041
33406.7,989.255
32426.1,931.119
31397.9,871.625
31473.4,910.195
33789.1,925.387
32202.1,937.244
34325.6,978.529
32483.2,962.362
32923.3,958.104
32440.2,926.878
32693.2,924.014
30448.5,835.62
32836.9,944.412
32966,917.237
31137.5,910.142
31626.1,873.423
34897.9,954.774
32253.5,922.037
33474.8,947.334
32898.1,914.084
33722.6,929.914
31788.5,910.471
31122.9,865.989
33313.1,985.286
31805.8,973.002
31304,880.544
33198.9,937.733
32166.8,916.41
33294.3,953.49
31983.6,920.426
31086.2,885.293
31814.9,869.86
32033.7,940.47
31943.9,930.514
32686.3,944.777
31576.1,856.606
32863.8,933.886
32616.3,926.586
32048.2,886.79
32564.7,954.288
30518.8,857.084
31817.5,846.424
33050.7,929.885
32530,902.508
31882.6,894.706
32125.7,911.944
31389.9,903.485
31767.9,907.151
32145.5,955.582
32508.6,952.323
32870.5,915.522
33035.2,875.13
31678.4,895.228
32882.9,952.854
32828.4,932.051
33173.2,980.284
31185.2,885.553
31302.5,871.487
31228.9,877.296
32997.1,882.918
32213.5,921.223
34524,952.669
32786.5,932.583
34633,967.2
33865.4,946.871
32157.3,868.054
33966.8,982.819
34464.8,974.322
33656,951.114
33249.7,912.345
35190.6,974.796
33466.9,963.227
34703.3,996.106
33631.9,937.76
35100.2,961.334
33297.1,949.142
32508.2,906.7
34018.6,1032.79
33498.9,1001.93
32808.3,926.645
33675.9,1000.51
33230,959.639
34311.3,986.432
33805.8,961.482
32618.7,929.011
33506.1,901.693
33586.5,981.659
32830.6,970.007
32390.8,962.13
33322.6,887.297
35227.3,974.953
33784,958.101
33362,945.879
34279.8,989.512
32386.7,900.678
32778.5,879.503
34275.2,952.796
34640.2,946.193
34054.4,934.867
33423.8,948.185
33518.8,934.051
32784.8,938.103
33419.2,977.611
34556.6,988.4
33976.7,954.386
33825.2,916.691
33608.8,935.389
34411.2,991.115
33886.9,969.557
33900.9,1011.09
32953,948.757
32341.6,892.101
32695.5,922.08
33692.6,900.996
34122.2,961.384
35910.1,990.647
34534.6,977.904
33553.8,942.146
31123.4,826.162
33651.6,950.261
33342.2,942.818
31986.1,902.512
32269.8,891.37
36038.1,971.208
34484.5,939.237
34602,947.802
34096.5,926.065
33224.5,923.463
33424.7,922.488
31678.2,867.126
34823.5,1002.3
33635.9,992.546
32469.8,902.924
34074.8,972.412
33886.9,923.543
33868.8,969.589
32881,940.071
31550.6,902.905
31342.9,881.287
32308.3,955.669
33599.5,937.747
34300.3,959.71
32321,870.521
34039.4,950.134
34954,941.952
32761.9,916.991
33828.7,953.278
31891.2,870.941
32067.5,862.456
34191.6,941.88
32889.2,916.656
32320.9,898.169
33069.7,917.777
31643.4,915.891
32816.9,910.785
32575.1,974.693
33546.9,958.567
34207.6,930.704
34133.2,892.853
32650.7,894.299
33896.8,953.761
34157.7,933.897
35095.1,992.763
32273.1,907.382
32753.3,878.053
32417.1,890.424
32374.4,918.591
33472.8,930.484
37476.7,973.396
33881.9,946.183
31198.8,848.112
32881.8,942.275
33193.8,937.24
31812.2,923.734
32512.1,880.872
34843.7,949.938
33027,943.656
33705.2,966.023
33293.9,930.811
33803.1,939.641
32961,915.74
31856.1,871.215
34019.3,1002.36
32604.5,992.902
31994.3,897.613
33155.7,956.629
32837.8,920.134
33156.6,958.776
32537.4,931.56
31683,893.937
32378.9,877.528
32290,939.202
32582.8,907.278
33674.2,954.942
32488.5,867.333
34025.4,957.563
32934.2,926.667
32449.3,917.134
33400.6,959.206
31258.1,863.168
31931.9,870.832
33873.7,928.234
33602.5,916.296
32785.1,906.509
32924.5,926.232
32427.2,927.557
32585.7,921.513
33169.7,979.549
33575,964.678
33053.7,925.322
32788.2,879.811
32285.1,903.878
32931.2,964.617
33097,938.288
33675,989.105
32360.6,918.253
31958.6,877.712
33012.3,905.552
33073.2,918.605
32203.6,930.241
34629.2,946.002
33196.5,956.832
32841.2,843.019
32755.2,851.076
30784.5,827.959
30866.8,799.41
34449.5,873.727
32004.5,846.418
33341.2,868.432
33017.1,838.14
33156.3,845.941
31643.9,821.61
29792.4,773.053
32862,910.746
31492.7,898.087
31099.2,812.499
33149.8,883.919
32115.4,826.488
32939.5,875.729
31841,841.615
30541.6,807.548
30489.4,785.325
31107.3,859.017
31397.3,823.234
32349,866.328
30356.6,772.372
33449.9,862.748
33303.4,840.889
31968.6,822.847
32584.6,865.987
29075.1,771.377
29667.3,766.107
32924.5,843.842
32466.8,816.234
31193.9,806.915
31624.7,830.242
31517.4,832.868
30852.7,828.185
32508.1,870.305
32748.3,869.656
32514.1,832.597
32017,792.147
30972.6,808.69
32300.7,872.357
32285.3,842.901
33232.7,897.824
31110.2,827.238
30789.8,775.105
31226.8,804.325
32145.7,815.78
31573.7,834.116
35555.6,878.594
32351.8,851.889
33760.3,947.127
33036.9,937.025
31977.5,899.13
34384.7,982.696
32934.6,948.708
32908,972.492
32561.6,940.481
33524.6,942.297
32859.1,937.467
31425.9,895.206
33802.7,1021.59
33114.2,1003.99
32172,921.291
33369.5,992.711
31864.7,945.809
33246,978.566
32100.8,935.188
32083.3,920.468
32483,876.413
32327.2,951.044
32394.5,945.569
33101.2,956.961
31923.4,880.055
33971.4,971.54
32298,942.019
32923.1,931.981
32539.7,978.74
31802.7,880.952
32456.6,884.809
32579.8,950.542
32259.7,918.524
33537.8,903.049
32741.6,925.524
32037.5,944.236
32086.3,931.963
33657.7,993.525
33837.1,963.835
32602.9,927.56
32577.7,891.823
31845,917.586
33054.6,949.078
33229,956.076
32881.6,984.958
31831.9,929.386
32021.9,898.3
32000.9,916.531
33050.2,928.934
32025.6,938.549
34101.8,959.66
33116.7,952.867
33020.5,933.341
32469.6,884.942
35917.7,958.296
33974.4,946.547
35169.4,961.289
33290.2,927.076
33816.2,936.819
34290,922.989
32537.4,881.671
34727.2,1008.55
33412.7,993.487
32248.7,902.53
33819.4,979.022
33778.9,928.012
33702.3,960.764
32769.4,939.632
31730.2,889.095
32607.7,882.872
32576.5,951.574
33594,946.469
34297.7,948.694
33159.8,865.919
33812.4,961.153
34672.3,945.692
33206,922.846
33804.6,953.05
32290.2,872.538
32533.9,866.838
33833.9,946.378
33257,909.397
32637,884.988
33612.9,926.744
33042.7,931.211
32843.1,923.731
33479.6,981.494
32761,919.265
34294.1,934.444
33907.2,892.246
32685.1,886.356
33684.3,966.584
33855.9,926.895
34422.6,978.164
33133.9,920.07
32938.7,881.572
33253.9,906.925
33160.5,920.956
33402.9,918.758
36644.7,972.138
34210.3,957.913
31544.3,876.4
35342.4,953.621
32284.4,924.254
33856.8,954.369
32635.5,919.643
32797,913.575
32400,905.191
30787,869.665
33368.3,975.354
32396.9,971.165
31485.7,890.649
33463.4,963.166
32330.8,909.317
33118.4,955.435
31393.6,913.247
31288.8,871.868
31070.2,866.314
32003.5,939.624
32356.7,925.096
33580.3,942.19
31583,855.236
33587.8,909.012
33116.6,919.759
32297.4,905.899
33179.1,948.665
30728.5,843.49
30608.5,855.244
33338.2,927.654
33470.1,902.556
31836.4,893.262
32133.1,912.919
31880.9,901.566
31967.8,903.851
32320,963.589
32912.8,951.503
32552,915.316
32984.1,869.129
31595.9,890.479
33547.9,951.548
33307.9,925.514
33916.1,972.534
31508.9,905.546
31448.4,868.268
31861.7,892.239
31966.4,889.089
31958.9,915.069
36603.7,953.101
33303.9,940.951
33709.1,918.011
32867.4,891.359
32992.3,910.695
32067,881.546
31680.4,880.215
30869.2,850.757
30835.3,831.233
33349.1,953.224
32723.3,932.458
31348.2,854.226
32297.3,930.032
30911.3,865.429
32852.3,911.946
31754,886.172
30832.3,857.79
31228.1,833.65
31557.3,906.224
32145.5,887.691
32757.1,903.059
31220.2,820.599
33928.6,908.031
32550.5,888.906
31316.5,849.451
32153.8,914.843
30395.5,811.237
31374.8,819.739
32434.6,893.95
31943.9,865.1
31881.1,854.867
31832.3,875.743
31693.9,881.42
31260.3,862.88
33061.5,930.847
32597.2,904.097
32056.6,877.433
31050.4,824.903
31129.3,841.012
32674,918.471
32403.5,894.119
33122,939.414
31500.3,870.787
31312.2,831.27
30011.6,854.218
31597.8,859.799
32704.9,879.645
34769.4,904.85
32396.4,900.317
34228,970.434
34408.3,996.732
34173.9,931.747
34781.8,953.549
33691.6,951.204
32890.5,882.258
35964.3,1035.14
35063.4,1018.52
34316.5,930.202
34633.8,1000.11
33895.9,952.442
34902.1,981.253
35070,960.57
33992.9,934.786
34308,898.651
34969.3,977.893
34351.9,971.902
34423.7,986.787
33913.3,887.945
35256.4,977.071
33399.4,960.96
34078.2,943.665
34761,986.494
33351.1,890.979
34625.2,899.127
35210.8,964.209
34153.2,946.819
35027.8,934.458
34385.4,947.813
33812.1,958.554
33884.3,928.437
35789.8,1002.01
34936.6,975.775
34641.1,952.008
33657.5,908.969
34198.9,930.47
35197.5,991.604
34422.2,973.182
35051,1015.44
34031.7,946.852
32662.5,910.648
33934.3,923.457
34708.1,946.9
32531.3,949.758
35833.9,1001.7
33211.3,953.88
33531.9,958.666
32593.1,929.03
34153.5,944.172
33451.3,915.984
31640.1,883.848
33677.9,999.043
32250.9,988.365
32176.4,897.412
33487.5,975.902
32897.6,921.511
33679.5,965.034
32554,941.369
32370.8,894.068
32778.6,877.647
32620.7,956.83
31768.8,935.22
32974.2,958.572
32285.2,866.639
33882.9,955.791
32726.5,941.928
32068.8,918.783
32976.2,952.308
31124.7,874.293
32387,872.116
33614.1,939.275
34256.2,919.809
32418.3,890.249
33401.6,919.457
32694.8,931.543
32502.9,921.851
33376.2,980.833
33441.6,961.451
33543.8,925.208
33173.5,890.621
32043.6,899.921
33149.7,950.689
32461.9,921.904
33580.8,988.231
32156.3,917.058
31290.3,885.607
32830.3,903.422
32961.9,917.454
31904.9,926.929
35032.1,973.729
33220.2,954.871
34983.8,950.065
35171.8,959.993
32759.3,952.729
32431.3,890.17
33311.2,1025.89
34123.1,1013.74
33415.6,930.462
33374.3,989.837
33062.4,957.481
34582.3,989.409
33565.8,965.595
33066.3,932.002
33260.1,906.013
33086.3,978.48
33767.5,964.616
33402.2,983.673
33260.9,896.598
34287.7,977.912
33135.7,961.843
33575.5,937.336
32651.7,980.69
32036.8,893.138
33011.5,892.425
33049.9,968.162
33261.9,932.43
34198.1,931.078
33394.2,946.663
33226.3,942.843
32247,933.264
34547.8,1004.92
34437.7,979.927
34113.6,950.03
33582.6,913.019
32393.7,930.931
33108,975.797
33378,965.045
33226.1,1007.77
32763.5,938.96
32549.7,909.834
32699.5,928.479
33412.2,937.694
32453.1,933.617
34602.9,991.719
33469.3,963.061
34350.9,927.672
33933.3,917.591
31741.3,865.591
34098.7,990.342
33033.7,951.27
32630.3,897.343
33349.9,966.188
32512,919.918
33413.3,948.956
32286.3,912.167
32050.1,892.959
33232.3,870.366
32790.5,944.321
32583.6,929.611
33811.6,926.28
32565,855.742
33845.8,939.009
32979.5,931.995
32867.4,898.445
32873.2,951.523
31663.6,848.564
33065.6,844.168
33311.4,929.121
33166.4,904.156
32155.8,897.227
33637.6,916.26
32492.3,908.856
33256.1,912.406
33547,953.679
33371.7,951.357
32999,907.277
32690,878.895
32757.9,895.8
33935.3,954.764
33461.5,929.547
33779.8,976.316
32454.2,898.246
32304.6,869.768
31741.6,895.58
32986.7,885.345
32783.8,922.485
35735.1,958.933
33496.4,944.08
33316.3,924.522
32440.1,882.939
34585.3,1005.42
33502.9,971.585
32440.2,900.066
33469.5,975.897
32808.7,929.788
33741.9,952.365
33023.4,931.205
32595.8,893.144
32158.7,874.034
32794.9,942.065
33696.3,936.585
34243.7,954.795
32899,870.98
35608.4,949.054
34257.5,937.734
32392.4,911.435
34200.7,964.172
32056.7,872.971
32094.3,868.427
34036.6,938.339
34247.2,910.029
32870.4,898.938
33130.2,903.208
32803.7,930.221
32925.6,895.648
33418.6,977.806
32661.1,923.226
33657.8,930.679
32816.5,892.416
32752.6,893.301
34445.6,965.64
34014.4,944.917
35042.5,976.997
32146.3,916.964
32575.2,876.314
32726.3,903.89
32397.3,905.853
33410.4,932.524
36925.8,962.682
33928.1,951.869
31472.5,867.613
33651.1,988.087
33419.8,973.905
32671.9,883.166
33359.2,958.517
32227.1,904.419
34265.6,941.281
32256.3,916.656
31775.1,891.127
32023.8,850.851
32020.4,936.004
32311.2,919.654
33146.4,936.528
31754.6,844.983
34113.3,926.197
33012.8,926.602
33248.5,895.987
32077.5,931.126
30770.2,843.253
32447.2,852.551
33042.1,926.464
33196.7,902.678
32963.6,882.555
32486.7,903.439
32204,908.424
32273.5,904.562
32883.3,961.277
33303.2,949.451
32913.8,895.12
33353.7,872.333
31600.4,880.208
33426.5,946.182
32430.8,912.262
33241.1,962.004
31842.2,894.397
31780.6,868.959
31274.9,871.379
33089.2,903.172
32368.4,910.664
35077.9,955.189
32254.1,927.107
32667.5,947.668
32096.9,928.147
31040.9,845.481
32354.5,913.226
30904.7,865.64
32966.9,902.888
30675.2,875.364
30627.6,846.542
30133.2,813.988
30908.6,883.033
31563.5,876.495
32333.9,901.194
30519.7,810.863
32859.4,890.055
31851.9,870.685
31410.7,859.028
31091.5,903.031
29722.5,806.037
30664,794.794
31999.2,882.565
31401.3,854.101
31875.1,845.04
31416.6,862.283
30456.8,845.239
30972.5,858.482
31891.2,907.726
32292,904.798
32263.8,868.607
31948,832.918
30198.6,827.203
32018.1,892.712
31945.8,871.307
33167,932.827
30632.4,855.061
30666,824.374
30568.8,835.709
31978.4,858.242
31258.7,871.194
35347.3,913.46
31593.3,884.442
33539.2,1053.61
33158.5,970.269
33780.4,1028.29
33405.7,993.517
33716.4,1019.88
33098.2,1003.17
33238.1,966.971
33812.1,943.035
33310.4,1020.37
33133.6,1005.8
33580.1,1006.16
33842.3,935.777
34364.9,1004.49
34500.9,1002.93
33815.6,981.763
33508.4,1024.49
33076.8,932.691
33435.8,930.376
33691.7,1002.7
34246,977.734
33794.7,971.889
34332.5,987.649
33687.5,991.354
32932.2,962.863
34386.4,1041.24
34668.9,1002.98
33942.7,995.408
34315.7,948.107
33378.4,969.431
34079.8,1018.75
33871.8,1001.51
34575.1,1053.53
32819.6,974.839
33370.1,948.671
32979.4,956.726
34364.7,971.561
33960,992.368
36224.7,1030.83
34392.9,1006.48
31564.7,943.747
32965.6,1012.41
32857.1,971.239
33127.6,1015
32069.2,982.763
32543.5,955.197
32654.3,917.695
32843.1,1000.02
32512.9,983.159
32457.4,982.613
32171.2,920.094
34190.5,1007.54
33307.9,985.657
32820.3,971.257
33950.4,999.647
31239.1,917.712
31525.7,909.882
34144.1,987.222
34145.4,967.322
32164.8,945.261
33333.3,974.063
32595.1,975.876
32334,966.096
32897.9,1027.32
33627.9,1009.3
32940.7,976.903
32835.3,940.628
32596.2,955.279
33508.6,1014.1
33304.5,988.484
32859.1,1016.34
32161.4,971.066
31882.3,926.072
32348.6,946.804
33503.2,963.946
32394,961.4
34854.6,998.049
32899.9,1004.21
32009.6,930.988
31974.8,877.58
32509.2,923.768
32203,901.981
30668.6,858.069
30742,832.244
31768.5,915.283
32298.9,905.669
32834.9,922.372
31557.3,835.474
33134.8,918.174
32143.5,890.441
30949.8,870.657
33170,919.945
30712.1,834.618
30646.8,823.795
33524.3,907.038
31834.4,869.142
31665.9,871.585
31376.3,878.659
31514.7,894.646
31951.1,886.905
32338.1,929.52
32990.4,929.202
32713.3,892.082
31243.6,850.215
31605.1,854.301
33084.8,927.168
32075.1,905.98
33571.4,949.797
31306.3,863.013
31076.9,848.71
31340,864.703
31582.9,867.976
31201.7,884.201
34565.3,918.789
32461,903.265
32424.9,954.36
32987.1,996.712
33216.2,955.716
32790.9,935.173
33278.5,918.159
33305.6,988.23
33043.1,972.706
33471.7,994.053
32611.1,904.471
34225.8,987.171
33749.1,968.006
33415.5,954.1
33744.2,995.361
31159.6,871.412
32633.5,902.482
33546.6,960.016
33739.7,949.537
33034.5,928.237
33907.9,955.646
32847.9,961.358
32513.1,939.414
33612.5,1010.55
34562.1,994.955
33709.7,964.885
32356.3,911.131
32756.2,943.527
32970.6,983.123
33259,980.762
33953.6,1025.17
32416.6,951.778
32191.8,905.575
32755.6,936.148
32690.4,952.958
32976.6,969.522
35467.9,995.464
33615.9,992.639
33768.7,941.097
32028.1,924.668
32060.5,895.603
32820.8,871.463
32040.8,927.537
31995.7,928.828
32892.4,936.643
32683.3,860.198
34332.9,942.337
33158.5,931.077
32764,904.827
32021.8,940.076
31681.7,862.121
32224.6,855.661
32106.8,931.763
33168.5,907.636
32716.3,857.584
32603.1,909.596
31734,895.049
32313.5,912.112
33328.2,968.66
33575,948.689
32342.8,917.828
32470.5,871.92
31642.2,890.981
33702.3,948.773
32520.8,908.308
33056.3,981.888
32110.4,899.131
32059.5,873.366
31110.6,885.401
32866.7,904.585
33037.4,922.826
35241.8,958.874
32680.8,934.282
33332.1,967.006
33008.1,934.109
33327.7,906.138
33312.5,980.157
32764.4,962.296
33739.6,980.764
33188.1,883.083
34787,985.181
33956.5,965.538
33317.7,948.624
34426,987.28
32686.1,893.612
32634.1,893.643
34512.8,967.064
34277,946.142
33549.3,931.75
34145.3,949.836
32739.6,945.879
33263.6,950.55
33931.8,1007.17
34068.7,988.273
33732.7,948.197
33029,904.574
33351.3,921.91
33804.2,981.652
33895.4,967.707
34345.8,1018.1
32509.8,933.306
33266.6,907.513
33468.5,933.17
32815.9,922.089
32949.3,961.333
35095.6,998.511
33904.1,972.344
31779.3,897.337
31411,854.519
31704.3,951.048
32232.3,936.435
33476.2,936.645
31856.8,868.245
32839,949.252
33042.1,938.71
31650.6,902.957
31836.1,939.23
31203.6,867.739
31841.7,864.979
32550.2,932.151
32897.4,915.682
31858.2,904.356
32645.8,923.39
32106.6,924.49
32215,914.596
32996.8,976.706
31987.5,941.612
33175.5,924.303
33222,890.025
31812.1,903.245
32597.4,950.874
32614.4,942.113
33427.3,975.674
31534.2,913.497
31787.4,875.623
31775.3,899.919
32977,911.504
32312.8,926.749
35764.3,958.375
33112,953.99
30339.3,839.979
31573,911.14
32321.4,905.683
32739.1,922.063
30644.1,834.651
32122.8,920.714
31898.9,879.272
31671.1,881.377
31840.1,928.705
30097.7,826.436
30822.5,830.024
32406.6,905.595
30918.9,871.152
30953.2,866.172
31370.3,889.796
30871.4,887.746
31520.6,873.41
32308.2,943.113
32106.5,904.277
32282,877.2
31936.3,847.538
31138.2,868.397
32472.3,924.156
32048.6,903.504
32967.3,948.717
31519.8,881.716
31135.3,845.69
30869.4,857.251
31675.1,882.101
31394,893.561
35000.5,923.379
32366,917.622
31583.3,879.87
32744.3,881.762
32972.6,894.786
30882.8,810.512
32901.8,875.763
32982.4,871.381
31605.8,855.991
32443.4,898.78
30572.9,796.717
30119.1,801.439
33376.5,880.455
31299.6,845.903
31702.4,832.807
31071.4,856.145
31406.2,869.409
31318.3,847.75
32531,916.961
32612.7,900.35
32221.3,851.96
32612.3,821.223
31271.7,847.145
32395.8,892.071
32342.7,867.913
34080.2,932.201
31650.1,861.478
31099.7,814.805
31121.4,829.057
31691,857.961
31875.9,873.14
36083,911.413
32731.5,895.434
32378.3,951.599
32641.5,971.535
31648.3,878.664
33362,970.32
33184.9,954.585
31952.9,930.617
32154,973.759
31018,876.008
31297.8,883.588
32452.2,950.41
32012.2,913.161
31888.1,912.271
32492.8,935.708
31576.6,942.392
31442.3,920.853
32311.3,990.319
31831,977.366
32953.5,937.003
32914.9,905.486
31646.9,916.628
32289.7,939.174
32255.2,949.371
33082.2,989.424
31307.4,928.32
31680.4,897.079
31566.1,918.308
31924,915.522
32119.9,946.471
35583.1,980.605
33244.8,969.589
32933.9,963.253
32153.6,870.763
33219.1,939.774
32755.3,944.076
32983.1,918.616
32703.3,956.145
30898.9,872.69
32436.7,868.991
33096.1,942.617
33417.6,899.328
32210,893.442
33366.7,924.326
32348.4,918.864
32103.1,920.953
32807.5,974.958
33009.3,947.369
32223.9,921.199
32536.6,885.537
31815.5,905.34
33292.9,966.274
32223.8,944.156
33078.6,991.852
31666.1,924.163
32054.7,883.331
31841.9,907.661
33547,920.714
32617.9,917.555
34827,966.586
33405.2,958.029
32677,885.994
34565,973.289
33376.2,957.117
32757.2,933.809
33853.7,978.782
32468.7,885.36
33053.5,884.706
34094.2,942.026
33893,929.849
33575.7,925.415
33171.3,925.812
33257,942.772
33073.1,938.221
33406.5,981.694
34398.5,965.619
33911.8,942.868
33680.8,911.083
33036,905.452
33686.6,971.179
33461.1,960.029
34033.4,992.283
32271.2,936.982
32406.7,899.336
32691.6,898.638
33566.9,929.348
33274.4,951.931
35409.2,978.066
33449.5,968.032
33039.9,877.836
32714.3,866.406
32202.3,837.838
32552.3,881.103
29969.2,796.514
31160.5,798.992
33065.8,866.312
32557.2,845.108
31262.8,831.823
31685.3,849.053
31855.5,853.943
31392.6,844.694
32517.6,900.972
32227.1,879.285
32260.8,845.099
31571.6,819.638
30220.4,821.792
31905.2,895.057
31916.6,856.811
33047,914.105
31266.7,843.159
30656.9,799.781
30789.8,817.879
31535.4,844.9
31983.1,860.468
35066,886.422
32701.1,879.4
33503.1,956.603
33271.1,931.301
33664.3,972.527
32327.2,887.646
33315.4,884.081
33700.3,953.106
32590.8,933.161
32892.1,918.392
34826.9,940.868
33202.4,938.826
32693.5,909.084
34242,987.983
34012.1,956.849
34995.8,940.239
34319.7,902.991
33146.8,922.357
33581.7,975.949
32926.2,953.465
33732.2,980.891
33489.9,920.274
32513.9,883.87
33435.3,900.425
33995.9,933.242
33082.4,948.352
35518.4,986.173
34009.8,961.56
32786.4,918.453
32981.6,965.819
31448.3,871.842
32797.8,859.815
33651.2,927.717
32626,903.99
32795.1,906.237
32601.4,924.928
32248.7,926.871
32653.2,917.225
33753.4,969.945
33885.4,962.256
32856.3,916.237
33040.4,885.583
32093.7,906.76
33525.8,951.456
32115.5,943.995
33197.6,991.815
32765.6,918.245
31813.5,881.293
32285.5,902.961
33658.4,914.683
31922.4,929.348
34541.9,967.197
32868.4,944.145
33089.6,945.135
31405.3,851.364
31523.9,845.263
33468,921.006
32808.8,893.671
32363,885.553
32677.4,893.06
31769.3,908.614
32046.7,901.355
32356.7,937.158
32944.8,942.895
33644.5,908.448
31857.2,867.804
32312.8,868.771
33298.6,941.798
33396.8,919.271
34250.3,969.142
31061.4,896.647
31241.5,856.124
32117.4,865.019
31718.1,884.181
32357,910.789
36040.5,935.795
33121.5,929.739
32264.5,896.862
32793,890.87
31692.4,959.093
32457.6,933.795
33193.2,927.748
32921.7,939.403
32609.2,951.884
32829,937.961
33725.8,1001.39
33050.2,955.758
34184.9,954.57
34213.9,913.109
31524.1,904.604
33653.4,989.166
32751.4,952.48
33887,1009.22
32278.4,926.429
32322.2,904.468
32100.9,926.534
33355.3,935.418
32740.3,942.516
36072.6,990.701
33568.5,974.64
30309.2,789.727
31883.3,858.975
31726.3,841.884
30851,836.866
31728.1,850.161
31078.8,860.135
29986.4,845.376
31733.1,901.604
32103.7,886.858
31155,820.53
31354.5,820.598
30192.7,834.235
31971.5,888.874
31813,866.381
32087.3,920.074
31033.3,849.716
29561.2,799.746
30430.5,831.033
31612.4,848.687
30186.2,851.453
33281.1,885.226
31270.8,885.069
33333.1,868.19
32664.6,846.43
31883.6,828.797
32060,854.137
31810.2,856.378
31236.7,848.466
32252.9,905.103
32799.6,875.984
32268.1,830.071
31821.5,820.772
31452,835.626
32397.2,891.335
32151.1,869.925
33565.5,920.681
31424.8,847.239
31147.9,803.875
31456.9,829.932
30994.3,836.022
31681.3,857.825
35436.3,900.045
32563.7,884.738
32949.1,908.639
33208.4,893.368
33776.6,919.863
32970.5,925.956
32446.1,899.569
33962.5,978.584
33195.5,956.373
33852.6,885.762
33801.8,874.614
32223.7,900.909
34156,966.896
33144.7,937.214
33285.3,982.942
32859,919.633
33105.9,884.048
31794.5,882.227
33943.1,911.07
33429.4,931.422
36312.3,967.62
34016.5,939.392
32488.4,880.08
32902.1,895.648
31829.1,898.034
32616.4,898.598
33609.8,934.319
33351.9,928.842
33346.7,906.315
33072.9,867.295
32485.2,875.42
33567.9,940.557
33144.4,917.465
34118.5,961.131
32613.5,897.651
32650.2,852.372
32328.8,877.003
33396.9,891.044
32233.7,901.671
35376,948.595
33432.2,931.054
32863,890.503
31555,880.158
32307.2,879.451
32435.4,920.933
32123.7,921.517
33074.2,884.805
32147.3,836.894
31763.7,855.642
32009.7,909.396
32824.5,894.007
34004,945.986
32079.8,886.325
31504.9,834.178
32119.8,861.783
31863.5,882.876
32259.1,894.836
35727.9,935.337
33167.8,913.677
32427.8,913.564
32130.4,894.646
33001.2,952.058
33493.4,948.12
32468,888.691
33940.6,872.93
32352.6,887.22
33575.7,939.743
33057.7,923.835
34055.5,969.589
31586.8,905.358
31800.9,866.939
31328.4,878.016
33297.4,898.769
32179.4,909.037
35739.2,953.151
33531.2,935.316
31957.7,903.474
32675.5,962.596
32561.9,933.093
32492.8,903.376
32609.8,872.294
31180.2,879.67
32596,927.334
32600.4,932.288
32939.8,976.784
31472.6,891.954
30729.5,866.078
31689.1,882.168
32049.6,899.458
31217.7,906.112
35235.3,958.394
32762,941.888
32605.2,949.607
33363.6,939.195
32550.5,910.517
32358.8,866.232
30701.2,880.85
32442.8,941.147
32520.8,923.38
32814.7,958.468
31926.7,895.04
31779.5,864.123
32001.6,875.693
31922.7,877.861
31664,907.552
34856,953.483
32705.7,935.506
33296.6,1001.44
33333.8,951.111
34126.1,925.396
32833.1,923.971
33416.8,1001.64
33098,966.764
33914.3,1029.4
32292.4,958.052
31747.3,918.072
33328.6,942.037
32698.3,949.018
32840.5,960.831
35946.5,1010.03
33457.9,990.529
33705.2,949.379
33673.3,911.848
32677.7,908.353
34349.5,989.06
32888.4,954.831
34561.6,1002.39
32755.9,938.617
32100.8,885.256
32291.2,923.877
33220.7,934.134
33107.9,949.025
36508.3,993.297
33763.5,978.721
33004.8,877.94
32551.6,895.511
33317.1,954.963
32892.4,918.7
34019.1,976.761
32647.9,909.844
32149.9,866.252
32109.7,866.873
34214.4,906.395
32500.5,895.348
34752.7,955.239
32650,942.209
32308.3,851.435
32900.4,910.471
33069.4,894.895
33877.4,940.773
32396.3,865.882
32080.5,830.13
32184.4,855.492
31377.9,854.701
32434.2,868.211
35151.5,916.434
32981.5,906.772
31956.3,927.034
31874.9,895.376
32775.4,946.054
32273.3,882.222
31234.7,838.378
31486,856.235
32602.8,875.175
31570.4,896.295
34215.8,935.212
31686.8,899.591
32750.4,957.341
33810.3,1008.91
32353.3,904.983
32440.1,885.692
33027.7,929.797
32795.4,937.25
33402.5,957.96
34532,988.982
32989.4,981.078
33434,990.039
32796.5,919.004
32472.3,885.94
31968,890.562
33077,911.711
32547.6,924.772
34294.2,972.951
32676.1,958.861
33350.9,954.681
32802.7,933.898
33039.3,948.581
34112.8,965.807
32891.5,973.888
34704.2,1020.25
33824.9,994.207
31242.7,858.787
31296.4,870.533
31732.7,887.991
31794.8,904.015
34978.8,945.219
32557.4,930.305
31494.7,839.489
31885.4,857.952
30433.8,871.309
33740.2,894.49
32100.6,877.807
32493.6,873.418
32321.2,893.014
35138.7,930.81
32980,906.543
32609,909.393
36231,931.131
32555.1,914.724
33883.4,964.197
32356.5,944.144
34775.4,978.595
